run_date,target_date,lead,tmedmin,tmedmax,t50max_lo,t50max_hi,t50min_lo,t50min_hi,t100max_lo,t100max_hi,t100min_lo,t100min_hi,pr,rd,rl,rh
2016-03-06,2016-03-06,0,0.2,2.3,2.3,2.3,-0.2,0.2,2.0,2.7,-0.8,0.8,1,,1.0,1.2
2016-03-06,2016-03-07,1,0.0,3.7,3.3,3.7,-0.3,0.3,2.7,4.3,-0.7,1.0,1,,3.6,5.3
2016-03-06,2016-03-08,2,-0.3,4.3,3.7,4.7,-2.2,0.7,2.7,5.8,-4.0,2.3,2,,0.0,4.9
2016-03-06,2016-03-09,3,-1.3,4.0,3.3,4.7,-3.6,0.3,2.0,5.8,-6.7,1.3,2,,0.7,6.3
2016-03-06,2016-03-10,4,-2.6,3.3,3.0,3.7,-4.6,-0.3,1.5,5.0,-10.1,2.8,2,,0.0,2.0
2016-03-06,2016-03-11,5,-3.0,3.2,2.5,3.8,-7.0,-0.8,0.7,5.0,-10.8,1.2,2,,1.0,3.0
2016-03-06,2016-03-12,6,-0.2,3.7,3.0,4.3,-1.2,0.5,2.0,7.3,-8.0,2.2,2,,1.1,4.5
2016-03-06,2016-03-13,7,-0.8,4.0,3.3,4.7,-3.5,0.0,0.7,7.8,-12.3,1.7,3,,0.0,3.2
2016-03-06,2016-03-14,8,-2.0,4.0,3.0,5.0,-4.0,0.2,0.7,7.8,-14.1,1.7,3,,0.0,2.6
2016-03-06,2016-03-15,9,-2.0,2.7,0.7,4.0,-4.8,0.0,-4.3,9.5,-10.0,2.7,3,,0.0,1.2
2016-03-06,2016-03-16,10,-3.7,2.7,0.3,4.3,-6.3,-1.7,-4.5,7.7,-11.8,1.3,3,,0.0,2.0
2016-03-06,2016-03-17,11,-4.7,2.3,-0.7,4.2,-7.7,-2.2,-5.5,7.0,-13.0,1.0,3,,0.0,1.8
2016-03-06,2016-03-18,12,-4.3,2.7,0.3,4.5,-7.7,-2.3,-5.0,6.7,-12.0,1.3,3,,0.0,2.2
2016-03-06,2016-03-19,13,-3.3,4.0,1.3,5.3,-6.3,-1.0,-3.0,8.7,-13.0,1.5,3,,0.5,3.5
2016-03-06,2016-03-20,14,-4.5,-0.9,-3.5,1.3,-8.0,-2.5,-6.5,4.8,-11.5,2.0,3,,0.5,2.3
2016-03-13,2016-03-13,0,-4.3,3.0,3.0,3.3,-5.0,-4.0,2.5,4.3,-6.3,-3.0,1,,0.0,0.3
2016-03-13,2016-03-14,1,-1.3,6.7,6.7,6.7,-1.7,-1.0,6.2,7.2,-4.0,0.0,1,,0.0,0.1
2016-03-13,2016-03-15,2,-3.5,5.0,4.5,5.3,-5.3,-2.8,3.5,6.0,-7.2,1.0,1,,0.0,0.0
2016-03-13,2016-03-16,3,0.0,8.2,7.8,8.8,-0.5,0.3,6.5,9.6,-2.3,1.3,2,,0.0,0.0
2016-03-13,2016-03-17,4,-1.0,7.8,6.8,8.2,-3.2,-0.3,4.2,9.2,-6.5,0.7,2,,0.0,0.4
2016-03-13,2016-03-18,5,-5.0,3.5,2.5,5.2,-6.3,-4.0,-1.8,8.6,-8.7,0.2,3,,0.0,1.2
2016-03-13,2016-03-19,6,-6.8,1.6,1.0,2.5,-8.2,-6.0,-1.8,6.8,-12.6,-3.2,3,,0.0,0.8
2016-03-13,2016-03-20,7,-8.4,2.5,1.8,3.3,-9.5,-5.9,0.2,9.6,-13.0,1.8,3,,0.0,3.1
2016-03-13,2016-03-21,8,-4.5,3.8,2.2,5.3,-7.8,-2.0,-1.0,11.2,-15.0,0.2,3,,0.7,4.2
2016-03-13,2016-03-22,9,-4.3,3.0,1.0,5.7,-7.3,-1.3,0.0,10.3,-14.0,1.5,3,,0.0,1.5
2016-03-13,2016-03-23,10,-5.0,4.0,2.2,6.0,-7.8,-1.7,1.0,9.8,-12.7,2.0,3,,0.6,4.2
2016-03-13,2016-03-24,11,-2.5,5.0,3.3,6.0,-5.8,-0.5,1.0,9.0,-12.2,2.0,3,,0.6,5.4
2016-03-13,2016-03-25,12,-2.8,5.0,3.7,6.3,-4.5,-0.8,1.5,9.7,-12.2,1.4,3,,0.7,4.6
2016-03-13,2016-03-26,13,-4.0,5.5,3.8,6.5,-6.0,-1.3,1.2,8.8,-8.7,1.3,3,,0.0,2.9
2016-03-13,2016-03-27,14,-1.7,1.0,-1.0,2.0,-3.3,-0.3,-3.0,7.5,-6.0,2.3,3,,0.5,4.5
2016-03-14,2016-03-14,0,0.2,7.2,7.2,7.2,-0.2,0.2,6.2,7.7,-2.0,0.5,1,,0.0,0.2
2016-03-14,2016-03-15,1,-1.5,5.2,5.2,5.7,-2.7,-0.7,4.2,6.2,-4.5,0.3,1,,0.0,0.0
2016-03-14,2016-03-16,2,0.5,8.8,8.1,9.1,0.2,0.8,7.5,10.3,-0.5,1.2,1,,0.0,0.0
2016-03-14,2016-03-17,3,-2.5,7.0,6.0,7.6,-3.8,-0.8,4.0,9.3,-6.2,1.0,2,,0.0,1.3
2016-03-14,2016-03-18,4,-6.8,1.0,0.3,1.6,-7.5,-6.2,-1.4,5.0,-9.8,-4.8,3,,0.0,0.7
2016-03-14,2016-03-19,5,-8.2,1.3,0.6,2.2,-9.2,-7.5,-1.5,5.3,-10.8,-6.0,3,,0.0,1.2
2016-03-14,2016-03-20,6,-8.7,2.0,1.0,3.3,-9.7,-6.7,-0.3,8.3,-13.3,-0.5,3,,0.5,3.5
2016-03-14,2016-03-21,7,-8.7,2.0,1.0,2.8,-10.0,-6.4,-0.5,8.0,-15.2,0.5,3,,0.6,4.6
2016-03-14,2016-03-22,8,-7.8,1.5,0.5,2.8,-10.2,-5.4,-0.3,8.0,-15.3,-0.8,3,,0.0,5.5
2016-03-14,2016-03-23,9,-6.8,2.3,1.0,4.0,-9.2,-3.8,-1.3,10.3,-15.0,1.2,3,,0.6,4.8
2016-03-14,2016-03-24,10,-5.2,4.0,2.3,5.3,-7.8,-2.5,-0.5,8.6,-12.8,1.7,3,,0.5,4.4
2016-03-14,2016-03-25,11,-4.5,4.5,3.2,5.8,-7.0,-1.5,0.2,10.5,-13.0,2.2,3,,0.0,6.4
2016-03-14,2016-03-26,12,-3.7,5.0,4.0,6.6,-5.7,-1.7,1.5,10.6,-10.5,3.8,3,,0.8,4.4
2016-03-14,2016-03-27,13,-2.7,6.0,4.8,7.6,-5.0,-1.0,2.7,11.3,-10.3,4.2,3,,0.0,3.6
2016-03-14,2016-03-28,14,-2.0,0.8,-0.5,1.5,-4.0,-1.0,-1.5,3.8,-6.5,0.3,2,,0.5,2.6
2016-03-26,2016-03-26,0,1.0,4.0,4.0,4.0,0.7,1.0,3.5,5.0,0.3,1.5,1,,1.4,1.5
2016-03-26,2016-03-27,1,1.7,6.5,6.0,7.0,1.3,2.0,5.0,8.0,0.3,2.3,1,,0.0,0.0
2016-03-26,2016-03-28,2,1.3,8.2,8.2,8.7,0.3,1.8,7.2,9.2,-1.5,2.5,1,,0.0,0.0
2016-03-26,2016-03-29,3,0.5,8.0,7.5,8.7,-0.4,1.3,5.7,9.7,-1.9,2.3,2,,0.0,0.8
2016-03-26,2016-03-30,4,1.0,7.0,6.0,7.7,0.0,1.7,4.0,9.2,-1.8,2.8,2,,1.5,3.5
2016-03-26,2016-03-31,5,0.8,7.5,6.2,8.2,-0.2,1.5,3.3,9.7,-1.8,3.2,3,,0.9,5.4
2016-03-26,2016-04-01,6,-0.5,8.2,6.5,8.8,-1.5,0.5,3.8,10.8,-2.8,2.2,3,,0.0,4.4
2016-03-26,2016-04-02,7,-0.5,7.3,6.3,8.7,-1.5,0.5,4.0,12.0,-3.3,3.2,3,,0.0,7.8
2016-03-26,2016-04-03,8,-0.7,6.7,5.7,8.3,-1.7,0.0,0.5,9.8,-4.8,2.2,3,,0.5,4.3
2016-03-26,2016-04-04,9,-0.3,6.5,5.5,7.3,-1.0,0.7,4.2,13.2,-6.3,3.0,3,,0.0,0.9
2016-03-26,2016-04-05,10,-0.3,7.8,6.5,8.8,-1.0,0.7,4.2,12.3,-7.2,3.3,3,,0.0,1.4
2016-03-26,2016-04-06,11,0.2,8.2,6.8,9.3,-0.8,1.5,4.8,14.0,-5.2,4.2,3,,0.0,5.0
2016-03-26,2016-04-07,12,0.5,8.7,7.7,10.3,-0.2,1.8,4.0,14.3,-1.8,4.5,3,,0.0,3.4
2016-03-26,2016-04-08,13,0.2,8.5,7.2,10.2,-0.5,1.2,4.5,16.0,-2.5,6.4,3,,0.0,4.1
2016-03-26,2016-04-09,14,1.2,4.7,2.5,6.3,0.0,2.0,1.5,8.3,-2.0,4.3,3,,0.0,6.9
2016-04-08,2016-04-08,0,2.0,9.8,9.7,10.2,1.7,2.3,9.2,10.8,0.3,2.8,1,,0.0,0.2
2016-04-08,2016-04-09,1,-0.7,9.5,9.2,9.8,-1.2,0.0,7.7,10.2,-1.8,1.2,1,,0.0,0.7
2016-04-08,2016-04-10,2,-1.0,11.7,11.2,12.0,-1.3,-0.3,10.4,13.8,-2.0,1.3,2,,0.0,0.1
2016-04-08,2016-04-11,3,0.7,11.7,10.8,12.0,-0.2,1.3,10.0,13.4,-1.2,2.3,2,,0.0,0.1
2016-04-08,2016-04-12,4,0.0,10.7,9.7,11.8,-0.7,0.7,6.5,13.4,-1.3,2.8,3,,0.0,1.2
2016-04-08,2016-04-13,5,-0.2,10.4,8.7,11.0,-0.8,0.8,5.5,12.5,-2.7,1.8,3,,0.0,2.2
2016-04-08,2016-04-14,6,-0.5,9.8,8.2,10.7,-1.7,0.8,4.3,13.7,-3.5,3.8,3,,0.0,7.7
2016-04-08,2016-04-15,7,0.8,9.8,8.0,10.8,-0.5,2.4,3.8,15.0,-2.2,4.9,3,,0.0,6.8
2016-04-08,2016-04-16,8,0.8,10.4,9.2,11.7,-0.7,2.4,5.8,13.4,-2.8,4.3,3,,0.0,4.3
2016-04-08,2016-04-17,9,1.3,10.4,9.0,11.4,0.2,2.2,6.4,16.5,-2.3,4.2,3,,0.0,3.7
2016-04-08,2016-04-18,10,1.7,12.5,10.8,14.2,0.7,2.5,7.5,18.5,-1.3,4.8,3,,0.0,5.2
2016-04-08,2016-04-19,11,2.0,12.5,10.8,14.2,0.7,3.0,7.5,17.4,-1.8,5.3,3,,0.0,4.6
2016-04-08,2016-04-20,12,1.7,12.5,10.8,14.5,0.3,3.3,8.2,20.2,-1.7,6.5,3,,0.0,3.5
2016-04-08,2016-04-21,13,1.3,12.2,10.8,13.5,0.0,3.0,7.8,18.8,-2.5,6.8,3,,0.0,5.5
2016-04-08,2016-04-22,14,2.6,6.1,4.5,7.3,1.2,3.5,3.0,9.8,-1.5,5.5,3,,0.0,7.0
2016-04-21,2016-04-21,0,0.3,9.3,9.3,9.3,-0.7,0.7,8.3,10.0,-2.3,1.3,1,,0.0,2.2
2016-04-21,2016-04-22,1,-1.0,7.7,7.3,8.3,-1.8,-0.7,4.2,9.2,-2.7,0.3,2,,2.6,6.5
2016-04-21,2016-04-23,2,-1.8,7.3,7.0,7.7,-2.2,-1.7,5.7,8.3,-3.0,-0.5,1,,3.9,4.1
2016-04-21,2016-04-24,3,-2.5,7.0,6.7,7.3,-3.0,-2.2,6.0,8.2,-4.2,-0.4,1,,3.8,4.5
2016-04-21,2016-04-25,4,0.6,7.0,6.3,8.0,-0.4,1.6,4.3,10.7,-3.2,3.8,3,,11.3,17.9
2016-04-21,2016-04-26,5,1.5,8.0,7.3,9.3,0.0,2.5,4.0,13.0,-3.3,7.4,3,,4.9,13.1
2016-04-21,2016-04-27,6,0.8,8.8,7.3,9.8,-0.5,1.6,3.7,13.5,-3.2,6.5,3,,1.8,8.9
2016-04-21,2016-04-28,7,1.0,9.3,8.3,10.8,0.0,2.0,4.5,14.2,-2.0,5.1,3,,2.4,12.5
2016-04-21,2016-04-29,8,0.8,9.5,7.5,11.4,-0.2,2.3,6.0,16.0,-2.2,6.1,3,,1.1,6.8
2016-04-21,2016-04-30,9,1.2,10.3,9.0,11.7,0.2,2.5,6.3,15.0,-2.8,4.4,3,,0.8,4.9
2016-04-21,2016-05-01,10,2.0,12.3,10.7,13.7,0.6,3.0,8.0,16.2,-1.0,5.2,3,,0.0,5.7
2016-04-21,2016-05-02,11,1.8,13.0,11.7,14.3,0.7,2.8,9.2,18.7,-1.8,6.2,3,,0.0,6.9
2016-04-21,2016-05-03,12,2.6,12.3,10.7,13.8,1.0,3.8,8.0,17.2,-1.4,7.0,3,,0.0,7.2
2016-04-21,2016-05-04,13,3.0,13.0,10.7,14.7,1.7,4.3,8.7,18.5,-0.3,7.4,3,,0.0,4.9
2016-04-21,2016-05-05,14,3.0,13.0,10.7,14.7,1.7,4.3,8.7,18.5,-0.3,7.4,3,,0.0,4.9
2016-05-20,2016-05-20,0,6.5,17.7,17.3,17.8,5.8,7.2,16.7,19.3,5.2,8.1,1,,0.0,0.2
2016-05-20,2016-05-21,1,8.5,20.3,19.7,20.7,8.2,8.8,18.2,22.0,5.5,10.3,2,,0.0,1.2
2016-05-20,2016-05-22,2,9.0,21.2,20.5,21.8,8.7,9.3,18.2,23.3,7.5,10.3,2,,0.0,0.9
2016-05-20,2016-05-23,3,9.7,22.0,21.0,22.9,8.8,10.0,19.7,24.5,7.2,11.0,2,,0.0,0.3
2016-05-20,2016-05-24,4,11.7,22.8,22.2,24.2,10.3,12.3,18.3,26.3,7.8,13.0,3,,0.0,1.1
2016-05-20,2016-05-25,5,12.0,23.2,21.7,24.2,11.3,12.7,17.0,27.0,10.0,14.3,3,,0.8,7.4
2016-05-20,2016-05-26,6,12.3,22.5,20.8,23.7,10.3,13.2,15.0,26.7,7.5,14.8,3,,0.0,6.0
2016-05-20,2016-05-27,7,11.5,21.5,20.0,22.7,10.0,13.0,16.8,26.7,6.8,14.8,3,,0.0,5.7
2016-05-20,2016-05-28,8,10.0,21.7,20.7,23.3,9.0,11.6,15.0,26.8,5.7,14.6,3,,0.0,6.4
2016-05-20,2016-05-29,9,10.6,21.0,19.7,22.3,9.3,11.6,15.5,27.5,6.5,13.4,3,,0.0,2.5
2016-05-20,2016-05-30,10,10.5,23.0,21.7,24.7,9.2,11.6,18.7,28.2,7.5,14.6,3,,0.0,3.8
2016-05-20,2016-05-31,11,10.6,22.7,21.2,23.9,9.5,11.8,17.0,26.5,7.0,14.1,3,,0.0,5.9
2016-05-20,2016-06-01,12,10.4,22.2,20.5,24.1,9.2,11.6,14.8,27.0,4.7,14.1,3,,0.0,6.4
2016-05-20,2016-06-02,13,10.0,22.5,20.7,23.8,9.0,11.0,16.3,27.0,4.7,14.2,3,,0.0,5.9
2016-05-20,2016-06-03,14,10.0,22.5,20.7,23.8,9.0,11.0,16.3,27.0,4.7,14.2,3,,0.0,5.9
2016-07-16,2016-07-16,0,14.8,21.6,21.4,21.9,14.5,15.0,20.9,22.6,13.8,15.2,1,,0.7,1.4
2016-07-16,2016-07-17,1,13.9,19.6,19.4,19.9,13.6,14.4,18.4,20.6,13.0,14.9,1,,1.9,2.7
2016-07-16,2016-07-18,2,12.4,20.0,19.8,20.2,12.1,12.6,19.0,21.1,10.9,13.6,1,,0.7,1.8
2016-07-16,2016-07-19,3,12.0,20.8,20.2,21.2,11.5,12.3,19.2,22.0,10.1,13.2,1,,3.7,6.8
2016-07-16,2016-07-20,4,12.1,21.2,20.5,21.8,11.6,12.6,18.4,23.4,10.4,13.7,2,,0.0,0.7
2016-07-16,2016-07-21,5,11.9,22.5,21.6,23.0,11.4,12.9,19.0,24.8,10.0,15.2,2,,0.0,0.7
2016-07-16,2016-07-22,6,12.6,22.8,21.6,23.8,11.6,14.2,16.8,27.9,10.1,16.7,3,,0.0,3.1
2016-07-16,2016-07-23,7,13.9,23.6,22.8,24.6,12.4,15.0,20.4,28.1,10.4,18.1,3,,0.0,2.5
2016-07-16,2016-07-24,8,14.1,23.9,22.9,24.6,13.0,15.6,18.4,27.0,10.9,17.1,3,,0.0,3.4
2016-07-16,2016-07-25,9,14.9,23.1,22.1,24.1,14.1,15.9,18.9,28.5,10.1,17.6,3,,0.0,5.6
2016-07-16,2016-07-26,10,14.9,23.8,22.8,25.0,14.1,15.7,20.2,27.8,12.1,18.3,3,,0.0,5.2
2016-07-16,2016-07-27,11,14.9,23.5,22.0,24.8,13.9,15.8,19.8,27.2,12.6,17.9,3,,0.0,6.6
2016-07-16,2016-07-28,12,14.5,23.1,21.9,24.3,13.8,15.5,18.5,29.1,11.8,18.0,3,,0.5,9.0
2016-07-16,2016-07-29,13,14.6,22.2,21.2,23.6,13.9,15.1,18.6,29.5,12.1,18.1,3,,0.6,7.1
2016-07-16,2016-07-30,14,14.6,22.2,21.2,23.6,13.9,15.1,18.6,29.5,12.1,18.1,3,,0.6,7.1
2016-08-15,2016-08-15,0,9.9,18.0,17.7,18.3,9.4,10.1,16.8,19.3,8.8,10.6,1,,0.0,1.2
2016-08-15,2016-08-16,1,11.4,16.0,15.0,16.7,10.7,11.9,14.0,18.0,9.3,12.8,2,,18.2,16.5
2016-08-15,2016-08-17,2,12.4,18.2,17.5,18.5,12.0,12.6,16.4,20.2,11.0,13.1,2,,15.6,8.6
2016-08-15,2016-08-18,3,12.6,18.8,18.2,19.0,12.1,12.9,16.9,21.4,11.6,13.7,2,,15.4,12.4
2016-08-15,2016-08-19,4,13.1,19.0,18.2,19.5,12.6,13.4,16.5,20.9,11.6,14.1,2,,6.1,13.4
2016-08-15,2016-08-20,5,12.6,19.0,18.5,19.8,11.8,13.4,17.0,20.9,9.6,14.6,2,,0.8,8.0
2016-08-15,2016-08-21,6,13.4,20.3,19.3,21.0,11.4,14.2,17.5,23.5,9.0,15.8,2,,1.6,10.3
2016-08-15,2016-08-22,7,13.9,19.7,18.7,20.3,12.9,14.6,17.0,23.1,9.4,15.8,3,,1.3,6.4
2016-08-15,2016-08-23,8,12.9,19.4,18.5,20.4,11.9,13.9,17.3,22.9,9.9,16.9,2,,0.9,5.0
2016-08-15,2016-08-24,9,12.6,19.0,18.0,19.8,11.9,13.1,15.5,24.1,9.0,16.1,3,,0.0,7.2
2016-08-15,2016-08-25,10,12.4,19.7,18.0,20.8,11.4,13.4,14.7,22.2,7.8,16.1,3,,1.6,12.2
2016-08-15,2016-08-26,11,12.6,19.3,18.0,20.9,11.4,14.0,14.7,25.0,6.8,16.1,3,,0.7,11.6
2016-08-15,2016-08-27,12,12.6,19.3,18.0,20.7,11.4,13.9,13.0,24.6,5.7,17.4,3,,1.1,12.6
2016-08-15,2016-08-28,13,12.1,18.8,17.2,20.1,10.9,13.1,14.2,23.4,5.5,16.3,3,,0.6,7.5
2016-08-15,2016-08-29,14,12.1,18.8,17.2,20.1,10.9,13.1,14.2,23.4,5.5,16.3,3,,0.6,7.5
2016-11-19,2016-11-19,0,4.0,6.7,6.7,6.7,4.0,4.0,6.3,7.0,3.7,4.3,1,,1.7,2.2
2016-11-19,2016-11-20,1,1.3,4.7,4.3,4.8,1.0,1.3,4.0,5.3,-0.8,3.3,1,,8.0,12.1
2016-11-19,2016-11-21,2,3.7,7.5,7.5,7.5,3.3,3.8,6.5,8.0,2.0,4.2,1,,0.0,2.5
2016-11-19,2016-11-22,3,4.0,6.0,5.7,6.5,3.3,4.7,5.0,7.3,1.0,6.0,1,,0.0,0.1
2016-11-19,2016-11-23,4,4.0,6.0,5.5,6.3,3.3,5.0,4.0,7.3,1.7,5.7,2,,0.0,1.1
2016-11-19,2016-11-24,5,0.5,5.5,5.0,5.7,-0.5,1.2,2.0,6.3,-2.5,4.2,2,,0.0,0.7
2016-11-19,2016-11-25,6,-0.8,3.7,2.7,4.5,-1.8,0.2,0.0,6.2,-3.0,3.2,3,,0.0,4.0
2016-11-19,2016-11-26,7,1.3,5.2,4.7,5.7,-0.3,2.3,-0.3,7.5,-4.0,4.7,3,,2.3,7.5
2016-11-19,2016-11-27,8,-1.3,3.2,1.2,4.7,-2.5,0.3,-3.0,7.2,-7.7,4.3,3,,0.0,1.3
2016-11-19,2016-11-28,9,-3.5,0.5,-0.7,2.0,-5.2,-2.3,-3.5,5.3,-8.3,3.2,3,,0.0,1.4
2016-11-19,2016-11-29,10,-2.5,1.5,-0.3,2.5,-3.8,-1.5,-2.5,4.7,-7.8,2.2,3,,0.0,3.7
2016-11-19,2016-11-30,11,-1.5,2.0,-0.5,3.5,-3.8,0.2,-4.3,6.0,-10.3,3.5,3,,0.0,7.2
2016-11-19,2016-12-01,12,-1.0,2.0,0.0,3.5,-3.3,0.3,-6.0,8.0,-9.5,5.0,3,,1.4,7.3
2016-11-19,2016-12-02,13,-1.7,1.5,-0.5,2.7,-4.5,0.3,-7.3,6.0,-12.5,2.7,3,,0.9,7.0
2016-11-19,2016-12-03,14,-3.0,0.7,-0.8,2.5,-7.0,-1.0,-11.0,6.5,-12.5,4.3,3,,1.4,8.1
2017-02-05,2017-02-05,0,-6.0,-1.5,-1.5,-1.5,-6.5,-5.5,-2.0,-1.0,-7.3,-4.5,1,,1.5,2.0
2017-02-05,2017-02-06,1,-13.3,-7.0,-7.5,-6.5,-14.3,-12.3,-8.0,-5.5,-16.3,-9.3,1,,0.0,0.7
2017-02-05,2017-02-07,2,-15.0,-9.0,-9.8,-8.5,-16.0,-14.0,-11.5,-6.0,-17.3,-12.0,2,,0.0,0.2
2017-02-05,2017-02-08,3,-17.8,-8.5,-9.0,-7.3,-19.0,-16.8,-10.5,-4.5,-21.0,-12.7,2,,0.0,0.1
2017-02-05,2017-02-09,4,-16.2,-6.8,-8.8,-5.5,-17.7,-14.3,-10.8,-3.2,-19.8,-9.2,3,,0.0,0.2
2017-02-05,2017-02-10,5,-12.5,-3.8,-5.5,-3.2,-13.8,-10.2,-9.3,-1.2,-17.0,-7.2,3,,0.0,0.3
2017-02-05,2017-02-11,6,-11.0,-4.2,-5.5,-3.2,-13.5,-9.3,-9.5,-1.5,-19.2,-6.0,3,,0.0,0.4
2017-02-05,2017-02-12,7,-10.8,-3.0,-5.0,-2.0,-12.5,-9.0,-8.5,-0.3,-19.0,-6.2,3,,0.0,1.0
2017-02-05,2017-02-13,8,-9.2,-2.0,-4.2,-0.3,-12.2,-6.7,-9.5,1.7,-18.2,-2.7,3,,0.0,1.1
2017-02-05,2017-02-14,9,-8.2,-2.0,-4.5,0.2,-9.7,-5.5,-13.5,4.8,-18.0,-0.2,3,,0.0,0.8
2017-02-05,2017-02-15,10,-9.0,-3.7,-5.5,-0.3,-10.7,-6.3,-11.5,2.7,-18.7,-3.0,3,,0.0,0.6
2017-02-05,2017-02-16,11,-9.5,-3.8,-6.3,-0.5,-11.7,-7.5,-10.0,2.5,-17.5,-1.7,3,,0.0,1.8
2017-02-05,2017-02-17,12,-9.2,-3.0,-6.0,-0.3,-11.8,-6.8,-11.0,2.0,-17.5,-1.2,3,,0.0,2.4
2017-02-05,2017-02-18,13,-8.7,-2.5,-5.3,0.2,-11.7,-5.8,-12.3,4.5,-19.0,-1.3,3,,0.0,1.9
2017-02-05,2017-02-19,14,-7.5,-1.5,-5.3,0.2,-12.5,-5.5,-13.0,3.8,-22.0,-1.5,3,,0.0,3.3
2017-02-23,2017-02-23,0,-6.3,2.2,2.2,2.2,-6.5,-5.8,1.7,2.7,-7.3,-4.8,1,,2.6,3.4
2017-02-23,2017-02-24,1,-9.5,-4.0,-4.5,-3.5,-10.3,-8.8,-5.0,-1.5,-14.3,-7.8,2,,0.0,0.4
2017-02-23,2017-02-25,2,-8.3,-2.0,-2.5,-1.5,-8.7,-7.8,-3.5,-0.7,-10.0,-6.0,1,,0.0,0.3
2017-02-23,2017-02-26,3,-9.5,1.0,0.0,1.5,-11.0,-7.7,-1.0,2.7,-14.3,-5.2,2,,4.9,4.7
2017-02-23,2017-02-27,4,-0.5,2.7,1.5,3.3,-2.8,0.5,-1.0,4.8,-14.3,2.3,2,,1.2,3.6
2017-02-23,2017-02-28,5,1.3,3.5,3.0,4.0,0.7,2.0,-0.5,5.5,-16.2,3.0,2,,1.0,6.7
2017-02-23,2017-03-01,6,0.7,3.5,3.0,4.0,-0.3,1.3,-2.0,5.7,-4.0,2.2,3,,1.7,6.4
2017-02-23,2017-03-02,7,0.2,3.0,2.5,4.0,-2.0,1.0,0.5,5.2,-7.0,2.0,2,,2.7,8.7
2017-02-23,2017-03-03,8,-1.0,3.0,2.0,3.7,-4.3,-0.2,-3.0,6.0,-9.5,1.7,3,,0.6,4.3
2017-02-23,2017-03-04,9,-2.3,2.2,1.2,3.0,-4.3,-1.0,-2.8,4.7,-10.5,1.3,3,,0.6,2.7
2017-02-23,2017-03-05,10,-3.8,1.7,0.7,2.3,-6.5,-2.0,-4.5,4.3,-14.8,1.0,3,,0.7,5.0
2017-02-23,2017-03-06,11,-3.8,1.3,0.0,2.7,-6.5,-0.2,-3.5,6.5,-15.0,1.5,3,,1.1,6.1
2017-02-23,2017-03-07,12,-4.0,1.3,-0.7,3.0,-7.5,-1.3,-6.5,5.5,-14.0,1.7,3,,0.0,4.0
2017-02-23,2017-03-08,13,-3.7,2.0,-0.3,3.3,-7.8,-1.3,-9.5,5.7,-16.5,2.0,3,,0.0,5.1
2017-02-23,2017-03-09,14,-3.7,2.0,-0.3,3.3,-7.8,-1.3,-9.5,5.7,-16.5,2.0,3,,0.0,5.1
2017-05-08,2017-05-08,0,-1.4,7.7,7.3,7.8,-1.6,-0.9,7.0,8.3,-2.6,-0.1,1,,3.0,5.2
2017-05-08,2017-05-09,1,-2.8,6.5,6.2,6.8,-3.2,-2.5,5.3,7.5,-4.0,-1.1,1,,2.3,4.6
2017-05-08,2017-05-10,2,-2.8,7.3,7.0,7.7,-3.5,-2.7,5.2,8.3,-4.5,-2.2,2,,3.4,6.1
2017-05-08,2017-05-11,3,-2.7,7.3,7.0,7.7,-3.3,-2.3,6.0,8.3,-4.3,-0.8,1,,2.8,4.2
2017-05-08,2017-05-12,4,-2.5,8.5,7.8,9.5,-2.8,-2.2,7.0,10.5,-4.0,-1.2,2,,0.7,1.8
2017-05-08,2017-05-13,5,-1.3,9.5,8.5,10.5,-2.0,-0.3,6.8,12.5,-3.8,2.7,2,,0.0,1.2
2017-05-08,2017-05-14,6,-0.3,11.5,10.2,13.2,-1.5,1.3,6.2,14.7,-4.2,4.3,3,,0.6,3.0
2017-05-08,2017-05-15,7,-1.0,10.3,9.0,11.5,-1.8,1.3,6.5,17.4,-3.7,5.1,3,,0.0,3.1
2017-05-08,2017-05-16,8,-1.5,10.8,9.7,12.7,-3.2,0.9,7.7,16.5,-4.5,5.1,3,,0.0,3.4
2017-05-08,2017-05-17,9,-0.3,11.8,9.3,13.5,-2.0,1.8,6.3,18.5,-5.7,3.8,3,,0.0,5.9
2017-05-08,2017-05-18,10,2.0,12.7,11.3,14.3,0.7,2.9,7.7,18.0,-2.7,4.8,3,,0.0,5.9
2017-05-08,2017-05-19,11,3.2,13.0,11.7,14.3,2.3,4.2,8.3,18.3,-1.0,6.8,3,,0.5,7.5
2017-05-08,2017-05-20,12,2.4,13.3,12.3,15.0,1.5,3.6,9.5,19.0,-1.7,5.9,3,,0.6,6.8
2017-05-08,2017-05-21,13,2.9,13.7,12.3,15.3,1.8,4.1,7.7,19.3,-0.5,6.6,3,,0.0,7.7
2017-05-08,2017-05-22,14,3.0,14.3,12.7,16.2,1.9,4.0,8.8,19.2,-1.0,6.6,3,,0.6,6.4
2017-05-18,2017-05-18,0,9.0,14.8,14.5,14.8,8.7,9.3,14.2,15.7,8.2,9.7,1,,0.0,0.1
2017-05-18,2017-05-19,1,9.8,20.8,20.5,21.2,9.2,10.2,19.8,21.8,8.2,11.5,1,,0.0,0.0
2017-05-18,2017-05-20,2,9.5,20.0,19.0,21.0,9.0,10.0,16.2,23.2,7.2,12.2,3,,0.0,1.5
2017-05-18,2017-05-21,3,8.5,17.0,16.2,17.5,8.0,9.0,13.7,19.4,5.8,11.0,2,,0.0,0.8
2017-05-18,2017-05-22,4,8.8,18.4,16.6,20.0,7.4,9.5,12.7,22.3,5.3,12.5,3,,0.0,2.6
2017-05-18,2017-05-23,5,8.5,19.5,18.3,20.8,7.8,9.2,15.0,22.1,5.3,11.1,3,,0.0,1.0
2017-05-18,2017-05-24,6,8.0,18.5,16.7,19.5,6.8,8.8,12.7,22.5,4.5,11.1,3,,0.0,2.8
2017-05-18,2017-05-25,7,7.0,16.5,14.3,18.7,5.5,8.5,10.0,22.6,2.8,11.6,3,,0.0,7.6
2017-05-18,2017-05-26,8,6.8,14.7,13.2,17.2,4.5,8.5,9.0,24.0,2.7,12.2,3,,0.5,6.9
2017-05-18,2017-05-27,9,5.5,13.8,12.2,15.0,4.0,7.1,8.2,24.5,1.5,11.8,3,,0.6,5.3
2017-05-18,2017-05-28,10,6.0,15.0,13.7,16.2,5.2,7.0,9.3,23.3,3.3,12.8,3,,0.0,4.2
2017-05-18,2017-05-29,11,6.2,15.3,14.0,16.7,5.2,7.2,11.7,25.2,3.7,13.2,3,,0.8,4.8
2017-05-18,2017-05-30,12,6.5,15.7,14.7,17.3,5.5,7.8,10.3,24.5,3.7,13.0,3,,0.8,7.0
2017-05-18,2017-05-31,13,6.8,16.2,14.5,17.8,5.8,8.1,11.5,23.0,4.3,12.5,3,,0.0,7.3
2017-05-18,2017-06-01,14,7.8,17.0,15.5,18.0,6.5,9.0,12.7,22.7,4.7,12.0,3,,0.0,4.6
2017-05-31,2017-05-31,0,6.2,16.3,15.3,17.3,5.8,6.5,14.3,18.3,5.2,7.5,2,,2.3,4.3
2017-05-31,2017-06-01,1,4.8,12.7,12.3,13.0,4.5,5.2,10.8,14.3,3.8,5.5,2,,1.8,2.4
2017-05-31,2017-06-02,2,3.4,12.7,12.0,13.3,3.1,3.6,11.2,15.0,2.8,4.2,2,,0.6,1.3
2017-05-31,2017-06-03,3,4.0,16.0,15.3,17.0,3.7,4.4,12.0,18.3,2.0,5.6,3,,0.0,0.6
2017-05-31,2017-06-04,4,4.9,14.2,13.0,15.2,3.9,5.9,10.3,17.2,1.8,8.0,3,,1.0,7.4
2017-05-31,2017-06-05,5,7.6,15.8,14.5,16.8,6.2,8.4,11.2,18.8,3.8,9.5,3,,0.0,5.1
2017-05-31,2017-06-06,6,6.4,18.0,16.8,18.7,4.8,7.1,14.0,20.5,2.7,8.6,3,,0.0,1.5
2017-05-31,2017-06-07,7,7.1,18.2,15.8,19.2,6.1,8.4,13.3,21.4,4.3,11.2,3,,0.9,9.7
2017-05-31,2017-06-08,8,8.2,19.2,17.0,20.7,7.2,9.5,13.0,23.7,5.2,11.9,3,,0.0,12.0
2017-05-31,2017-06-09,9,9.2,19.8,17.8,21.5,7.4,10.5,10.5,25.8,5.1,12.2,3,,0.0,5.7
2017-05-31,2017-06-10,10,9.4,21.2,19.0,22.8,8.2,10.1,13.2,26.1,5.3,11.9,3,,0.0,3.4
2017-05-31,2017-06-11,11,10.2,20.8,19.5,22.7,9.2,11.5,16.8,27.4,6.7,14.0,3,,0.0,4.3
2017-05-31,2017-06-12,12,9.9,19.8,18.5,21.5,9.1,10.9,15.0,27.4,6.0,14.4,3,,0.0,9.4
2017-05-31,2017-06-13,13,9.7,19.7,18.0,21.3,8.7,11.2,15.3,27.2,5.5,15.0,3,,0.0,3.6
2017-05-31,2017-06-14,14,10.4,20.9,18.8,22.9,9.4,11.5,14.3,28.5,7.1,15.9,3,,0.0,2.1
2017-06-06,2017-06-06,0,6.9,19.5,19.5,19.5,6.5,7.2,19.2,20.2,6.2,7.5,1,,0.0,0.2
2017-06-06,2017-06-07,1,7.1,19.5,19.2,19.8,6.9,7.4,18.7,20.2,6.5,8.1,1,,0.0,2.2
2017-06-06,2017-06-08,2,10.4,15.2,14.3,15.8,9.4,10.8,13.0,17.7,7.4,11.5,2,,8.8,18.6
2017-06-06,2017-06-09,3,9.4,17.0,16.5,17.8,8.5,9.9,13.2,18.8,7.5,11.1,2,,1.1,5.6
2017-06-06,2017-06-10,4,8.9,18.2,17.3,19.2,8.0,9.4,13.5,20.5,6.4,11.9,3,,0.0,2.3
2017-06-06,2017-06-11,5,10.1,19.7,17.7,21.1,9.4,10.6,13.7,23.1,6.1,12.4,3,,0.0,1.9
2017-06-06,2017-06-12,6,9.0,18.2,16.3,19.4,8.6,10.0,11.0,22.1,4.8,12.0,3,,0.0,8.5
2017-06-06,2017-06-13,7,10.6,17.5,16.5,18.6,9.1,11.1,13.7,23.3,7.1,13.4,3,,1.6,9.8
2017-06-06,2017-06-14,8,10.2,18.7,16.8,19.8,9.2,10.8,14.0,22.1,6.5,13.4,3,,0.7,4.4
2017-06-06,2017-06-15,9,9.5,19.0,17.6,20.4,8.9,10.2,13.9,23.5,6.8,13.8,3,,0.0,5.1
2017-06-06,2017-06-16,10,10.0,19.4,17.9,20.9,9.0,10.8,14.7,23.9,6.8,12.5,3,,0.0,4.3
2017-06-06,2017-06-17,11,10.5,19.6,18.3,21.1,9.5,11.5,14.4,24.3,6.8,13.6,3,,0.0,3.7
2017-06-06,2017-06-18,12,11.1,20.1,18.3,21.6,9.6,11.9,15.0,24.9,8.0,14.4,3,,0.0,6.8
2017-06-06,2017-06-19,13,11.2,20.1,18.0,21.5,9.8,12.0,14.3,25.5,7.8,14.6,3,,0.0,6.3
2017-06-06,2017-06-20,14,11.5,20.1,18.4,21.9,10.5,12.5,16.5,24.6,7.8,14.6,3,,0.0,6.5
2017-06-13,2017-06-13,0,9.9,18.2,17.5,19.0,9.6,10.1,15.7,20.5,9.0,10.9,2,,3.4,6.3
2017-06-13,2017-06-14,1,8.8,20.2,19.5,20.5,8.2,9.1,18.7,22.2,7.2,10.2,2,,0.0,0.2
2017-06-13,2017-06-15,2,8.1,20.8,19.8,21.5,7.6,8.9,18.2,23.7,6.6,10.4,2,,0.0,0.0
2017-06-13,2017-06-16,3,9.4,21.8,20.8,22.3,8.6,10.2,19.7,24.3,7.2,12.0,2,,0.0,0.1
2017-06-13,2017-06-17,4,11.1,23.2,22.0,23.7,9.9,11.9,17.5,24.8,8.6,13.7,3,,0.0,1.8
2017-06-13,2017-06-18,5,12.0,23.3,21.7,24.3,11.2,12.5,17.2,26.8,9.2,13.9,3,,4.8,6.2
2017-06-13,2017-06-19,6,11.5,22.3,20.8,24.2,10.7,12.5,16.7,29.0,7.7,14.7,3,,0.0,4.1
2017-06-13,2017-06-20,7,10.7,22.2,20.3,24.2,10.0,12.7,17.7,27.2,7.0,15.7,3,,0.0,5.9
2017-06-13,2017-06-21,8,10.4,21.3,19.3,23.0,9.4,12.4,17.8,29.6,7.8,15.1,3,,0.0,6.2
2017-06-13,2017-06-22,9,10.1,20.3,19.0,22.1,9.1,11.2,16.5,29.7,7.7,14.9,3,,0.0,3.1
2017-06-13,2017-06-23,10,10.1,20.7,19.2,22.3,9.1,11.1,16.7,28.4,6.6,16.1,3,,0.0,4.6
2017-06-13,2017-06-24,11,10.1,21.3,19.7,22.7,8.9,11.1,16.7,28.0,5.6,14.2,3,,0.0,5.5
2017-06-13,2017-06-25,12,10.9,21.3,20.0,23.0,8.8,11.6,17.7,28.5,7.1,13.9,3,,0.0,7.7
2017-06-13,2017-06-26,13,11.0,22.3,21.3,23.8,9.2,11.8,17.0,28.8,7.5,13.8,3,,0.5,6.3
2017-06-13,2017-06-27,14,11.0,22.3,21.3,23.8,9.2,11.8,17.0,28.8,7.5,13.8,3,,0.5,6.3
2017-07-02,2017-07-02,0,13.4,18.0,17.3,18.5,13.1,13.6,16.0,19.3,12.4,13.9,2,,0.0,0.3
2017-07-02,2017-07-03,1,12.1,17.7,16.3,19.0,11.6,12.4,15.2,20.2,10.0,13.1,2,,5.8,11.3
2017-07-02,2017-07-04,2,11.4,18.8,18.2,19.5,10.9,11.9,16.0,20.8,9.9,13.1,2,,0.7,3.8
2017-07-02,2017-07-05,3,10.7,17.5,16.5,18.7,10.2,11.2,15.0,21.0,8.9,12.7,2,,1.0,3.5
2017-07-02,2017-07-06,4,10.7,17.7,16.3,18.7,10.2,11.6,15.3,21.3,8.4,12.5,2,,2.3,6.5
2017-07-02,2017-07-07,5,10.7,19.3,18.0,20.0,9.5,11.7,16.2,22.2,7.5,13.6,2,,0.0,2.5
2017-07-02,2017-07-08,6,11.4,19.7,17.7,20.5,10.2,12.5,15.8,23.0,7.4,14.1,3,,0.0,2.5
2017-07-02,2017-07-09,7,11.4,19.5,18.5,20.5,10.6,12.4,16.0,24.8,7.9,14.9,3,,0.8,6.3
2017-07-02,2017-07-10,8,11.9,19.2,18.2,20.2,10.9,12.7,16.0,25.5,8.9,14.9,3,,1.2,7.7
2017-07-02,2017-07-11,9,11.6,19.3,18.3,20.3,11.1,12.4,16.0,27.4,7.2,13.9,3,,0.7,5.0
2017-07-02,2017-07-12,10,12.6,19.3,18.3,20.7,11.9,13.4,17.0,24.5,10.1,15.6,3,,1.0,7.1
2017-07-02,2017-07-13,11,12.6,19.3,18.5,20.7,11.9,13.1,16.8,24.7,10.1,15.5,3,,0.5,6.2
2017-07-02,2017-07-14,12,12.2,19.7,18.7,21.0,11.5,13.4,17.0,25.3,10.2,17.0,3,,1.4,8.4
2017-07-02,2017-07-15,13,12.4,19.7,18.3,20.7,11.4,13.4,16.3,24.2,9.9,16.1,3,,1.2,10.2
2017-07-02,2017-07-16,14,12.4,19.7,18.3,20.7,11.4,13.4,16.3,24.2,9.9,16.1,3,,1.2,10.2
2017-07-14,2017-07-15,0,9.4,21.2,20.7,21.8,8.9,9.6,19.4,23.0,7.5,10.3,2,,0.0,0.1
2017-07-14,2017-07-16,1,10.9,22.2,21.5,22.5,10.4,11.4,20.8,23.2,9.8,12.9,1,,0.0,0.6
2017-07-14,2017-07-17,2,11.6,20.8,20.1,21.3,10.9,12.1,19.1,22.5,9.5,13.5,2,,1.6,4.1
2017-07-14,2017-07-18,3,10.9,21.2,20.3,22.0,10.4,11.1,17.5,24.1,8.9,12.9,3,,3.6,5.6
2017-07-14,2017-07-19,4,10.9,21.5,20.8,22.6,10.4,11.6,17.7,24.6,8.9,13.1,3,,0.0,0.7
2017-07-14,2017-07-20,5,10.9,21.9,21.2,22.8,10.1,11.9,16.0,25.2,8.8,13.6,3,,0.0,0.6
2017-07-14,2017-07-21,6,11.6,22.3,20.6,23.3,10.1,12.7,16.7,25.8,9.1,16.1,3,,0.0,3.9
2017-07-14,2017-07-22,7,12.6,22.9,21.3,24.4,11.6,13.6,18.2,28.4,8.7,17.0,3,,0.0,6.8
2017-07-14,2017-07-23,8,12.6,22.8,21.2,24.4,11.9,13.9,18.0,28.8,7.6,17.0,3,,0.0,2.5
2017-07-14,2017-07-24,9,13.0,23.0,21.2,24.4,12.2,13.7,18.0,28.0,9.5,16.0,3,,0.0,10.4
2017-07-14,2017-07-25,10,12.7,22.9,21.1,24.5,11.7,13.9,18.7,28.3,8.7,16.0,3,,0.0,9.2
2017-07-14,2017-07-26,11,12.9,22.2,21.0,24.6,11.9,13.9,16.7,28.2,9.1,15.7,3,,0.0,10.2
2017-07-14,2017-07-27,12,12.6,22.5,21.0,23.9,11.9,13.6,19.2,29.0,9.6,16.1,3,,0.0,10.6
2017-07-14,2017-07-28,13,12.4,22.4,20.9,24.1,11.6,13.4,18.1,28.4,9.9,15.5,3,,0.0,5.2
2017-07-14,2017-07-29,14,12.4,22.4,20.9,24.1,11.6,13.4,18.1,28.4,9.9,15.5,3,,0.0,5.2
2017-07-19,2017-07-19,0,9.6,17.9,17.4,18.4,9.4,9.9,16.6,19.4,8.9,10.1,1,,0.5,1.4
2017-07-19,2017-07-20,1,9.9,19.6,19.4,20.1,9.6,10.1,18.5,20.9,8.6,11.4,1,,0.5,1.2
2017-07-19,2017-07-21,2,9.9,20.8,20.1,21.2,9.4,10.1,19.2,22.9,8.6,10.9,2,,0.0,3.9
2017-07-19,2017-07-22,3,9.9,20.8,20.1,21.3,9.1,10.6,18.2,22.3,8.6,11.1,2,,0.0,2.8
2017-07-19,2017-07-23,4,10.5,20.4,19.8,20.9,10.0,11.0,18.0,23.9,8.5,12.4,2,,0.0,2.1
2017-07-19,2017-07-24,5,10.9,20.9,19.6,21.9,10.4,12.0,17.7,25.0,8.9,15.1,3,,1.7,7.2
2017-07-19,2017-07-25,6,11.1,21.0,20.0,22.8,10.2,12.2,15.5,26.6,6.4,14.7,3,,0.0,12.1
2017-07-19,2017-07-26,7,11.5,21.3,20.0,22.8,10.1,12.6,17.5,27.1,8.0,15.8,3,,0.9,8.2
2017-07-19,2017-07-27,8,12.4,21.6,20.5,23.1,11.4,13.4,18.0,26.9,8.8,16.2,3,,1.1,8.1
2017-07-19,2017-07-28,9,11.9,21.4,20.4,23.3,11.1,12.9,17.2,27.4,7.7,14.9,3,,0.5,6.8
2017-07-19,2017-07-29,10,12.4,21.4,19.8,23.4,11.4,12.9,17.2,26.1,9.9,16.4,3,,1.3,12.0
2017-07-19,2017-07-30,11,12.1,21.0,19.7,22.5,11.1,12.9,18.0,27.5,8.9,16.4,3,,0.9,7.8
2017-07-19,2017-07-31,12,11.9,21.3,20.0,22.7,11.1,12.6,17.7,27.0,9.7,16.6,3,,0.0,4.6
2017-07-19,2017-08-01,13,11.4,21.4,20.4,23.1,10.6,12.6,18.0,26.3,8.9,15.5,3,,0.0,4.7
2017-07-19,2017-08-02,14,11.4,21.4,20.4,23.1,10.6,12.6,18.0,26.3,8.9,15.5,3,,0.0,4.7
2017-08-04,2017-08-04,0,15.5,19.7,19.3,20.0,15.2,15.7,18.7,21.0,14.2,16.2,1,,14.9,23.8
2017-08-04,2017-08-05,1,15.2,20.5,20.2,20.8,15.0,15.5,18.8,21.2,13.2,16.0,1,,5.4,8.4
2017-08-04,2017-08-06,2,15.0,19.2,18.8,19.5,14.5,15.2,17.0,20.4,13.0,16.1,2,,2.8,9.5
2017-08-04,2017-08-07,3,13.9,20.0,19.3,20.3,13.5,14.4,17.7,22.0,11.2,15.4,2,,3.1,6.5
2017-08-04,2017-08-08,4,12.1,21.2,20.8,21.5,11.4,12.9,19.0,22.8,10.7,14.9,2,,0.0,1.3
2017-08-04,2017-08-09,5,14.4,20.8,20.2,21.4,12.6,14.9,17.8,22.5,11.3,16.1,2,,2.6,9.5
2017-08-04,2017-08-10,6,14.1,19.5,18.7,20.2,13.1,15.1,16.3,24.1,11.8,17.1,3,,4.7,12.7
2017-08-04,2017-08-11,7,12.7,19.3,18.3,19.8,11.9,13.6,15.8,21.8,10.5,15.2,2,,2.3,12.3
2017-08-04,2017-08-12,8,12.7,18.8,18.2,19.9,11.7,13.5,16.0,22.8,9.6,15.2,3,,1.9,8.7
2017-08-04,2017-08-13,9,12.1,19.5,18.5,20.4,11.1,12.6,16.2,25.1,7.2,14.9,3,,0.5,5.0
2017-08-04,2017-08-14,10,12.6,20.0,19.0,21.0,11.6,13.4,15.2,23.6,9.7,15.6,3,,0.5,4.5
2017-08-04,2017-08-15,11,12.9,19.7,18.7,21.0,11.6,13.9,15.0,24.0,9.0,16.1,3,,0.0,6.3
2017-08-04,2017-08-16,12,12.9,19.8,18.7,20.6,11.6,13.9,15.8,23.5,9.5,16.2,3,,0.6,8.1
2017-08-04,2017-08-17,13,13.0,20.0,18.7,21.0,12.0,13.7,15.0,23.5,9.3,16.6,3,,0.0,4.2
2017-08-04,2017-08-18,14,13.0,20.0,18.7,21.0,12.0,13.7,15.0,23.5,9.3,16.6,3,,0.0,4.2
2017-08-23,2017-08-23,0,8.9,18.7,18.0,19.3,8.6,9.1,16.7,20.3,7.4,9.6,2,,0.0,0.7
2017-08-23,2017-08-24,1,8.5,18.2,17.2,18.8,8.2,8.5,15.5,20.3,7.5,10.6,2,,0.0,0.0
2017-08-23,2017-08-25,2,6.8,16.8,16.2,17.5,6.5,7.2,13.5,18.8,5.8,9.2,2,,1.3,8.9
2017-08-23,2017-08-26,3,7.2,16.5,15.5,17.2,6.5,7.6,14.2,20.2,5.8,10.2,2,,0.6,2.6
2017-08-23,2017-08-27,4,6.5,16.3,15.7,16.7,5.8,7.4,12.3,19.3,4.5,9.7,3,,0.0,0.9
2017-08-23,2017-08-28,5,7.4,16.7,15.7,17.7,5.8,8.6,13.8,20.0,3.7,12.8,3,,0.0,7.6
2017-08-23,2017-08-29,6,8.5,18.3,17.2,19.2,5.7,9.7,15.3,20.6,4.2,11.5,2,,3.6,16.0
2017-08-23,2017-08-30,7,11.1,18.2,17.0,19.0,9.7,12.1,14.3,21.8,6.5,15.2,3,,2.2,9.6
2017-08-23,2017-08-31,8,9.6,17.9,17.2,18.8,8.4,10.4,15.3,23.4,5.3,15.9,3,,1.0,5.9
2017-08-23,2017-09-01,9,7.9,17.3,16.7,17.9,7.2,9.1,14.3,24.2,3.0,13.6,3,,0.6,5.1
2017-08-23,2017-09-02,10,7.4,17.5,16.5,18.1,6.1,8.6,14.8,21.9,4.0,11.8,3,,0.0,8.5
2017-08-23,2017-09-03,11,6.9,17.3,16.0,18.7,5.8,8.6,13.0,19.8,4.2,11.9,3,,0.0,5.1
2017-08-23,2017-09-04,12,7.2,16.8,15.5,18.0,6.3,9.0,12.8,20.4,3.7,11.7,3,,1.1,9.0
2017-08-23,2017-09-05,13,6.4,16.7,15.0,17.7,5.2,8.0,11.3,20.5,2.3,10.4,3,,1.4,8.2
2017-08-23,2017-09-06,14,6.4,16.7,15.0,17.7,5.2,8.0,11.3,20.5,2.3,10.4,3,,1.4,8.2
2017-08-25,2017-08-25,0,7.2,13.2,12.2,13.8,6.8,7.5,11.2,15.7,6.2,8.2,2,,3.4,6.4
2017-08-25,2017-08-26,1,6.5,14.2,13.8,14.5,6.2,6.8,12.5,15.5,5.5,7.5,1,,0.0,0.6
2017-08-25,2017-08-27,2,6.6,14.7,13.8,15.2,5.8,6.8,13.0,16.7,4.8,8.7,2,,0.0,0.2
2017-08-25,2017-08-28,3,6.7,15.3,14.3,16.2,6.0,7.5,12.7,18.8,4.8,9.0,3,,0.0,0.5
2017-08-25,2017-08-29,4,7.0,16.3,15.7,17.0,5.7,8.6,13.0,18.8,4.0,12.0,2,,0.0,6.8
2017-08-25,2017-08-30,5,11.4,17.0,16.2,17.8,9.9,12.2,14.0,20.9,6.2,13.5,3,,8.2,10.2
2017-08-25,2017-08-31,6,9.4,16.4,15.5,17.1,7.5,10.2,13.2,20.0,6.0,14.0,3,,1.2,7.7
2017-08-25,2017-09-01,7,7.6,16.3,15.3,17.0,6.4,9.0,12.0,18.7,4.1,12.9,3,,0.0,5.2
2017-08-25,2017-09-02,8,6.7,16.0,15.3,17.0,5.7,7.5,12.8,19.8,2.6,12.4,3,,0.0,4.9
2017-08-25,2017-09-03,9,7.1,15.0,14.2,16.0,5.9,8.5,11.2,20.5,1.5,12.6,3,,0.0,5.4
2017-08-25,2017-09-04,10,6.6,15.3,14.7,16.3,5.4,8.0,10.0,19.8,3.2,11.7,3,,0.7,7.9
2017-08-25,2017-09-05,11,7.6,15.3,14.0,16.5,5.6,9.1,11.7,20.0,3.2,12.0,3,,0.7,11.2
2017-08-25,2017-09-06,12,7.1,15.0,13.3,16.2,5.6,9.1,10.3,18.8,3.3,11.5,3,,1.1,6.9
2017-08-25,2017-09-07,13,7.0,15.2,12.8,16.4,4.7,8.7,10.8,18.6,2.3,11.0,3,,0.9,7.5
2017-08-25,2017-09-08,14,7.0,15.2,12.8,16.4,4.7,8.7,10.8,18.6,2.3,11.0,3,,0.9,7.5
2017-09-08,2017-09-08,0,6.2,13.3,12.3,13.7,5.5,6.8,11.3,14.7,4.2,7.3,2,,1.6,3.0
2017-09-08,2017-09-09,1,8.5,15.2,14.8,15.5,7.6,9.2,14.3,16.8,5.5,10.2,1,,8.8,13.3
2017-09-08,2017-09-10,2,11.8,18.3,17.8,18.7,11.6,12.2,15.5,19.3,10.5,12.5,2,,18.3,13.4
2017-09-08,2017-09-11,3,10.2,18.0,17.7,18.3,8.8,10.5,17.0,19.2,7.7,11.7,1,,3.9,5.5
2017-09-08,2017-09-12,4,11.2,18.0,16.7,18.7,10.3,11.8,15.0,22.2,6.8,13.2,3,,13.0,17.5
2017-09-08,2017-09-13,5,10.0,17.3,16.7,18.0,9.2,10.3,13.3,21.2,7.0,14.0,3,,7.1,10.8
2017-09-08,2017-09-14,6,9.0,15.7,14.7,16.3,7.8,10.3,13.3,18.3,5.8,12.0,2,,4.9,12.3
2017-09-08,2017-09-15,7,8.2,14.7,14.0,15.5,6.8,9.2,12.3,18.7,4.5,12.0,3,,4.5,9.0
2017-09-08,2017-09-16,8,6.7,14.8,14.2,15.5,5.7,8.0,10.2,19.2,3.3,10.0,3,,1.8,7.0
2017-09-08,2017-09-17,9,6.8,14.5,13.5,15.2,5.5,7.7,10.8,18.1,3.2,10.1,3,,0.7,4.7
2017-09-08,2017-09-18,10,6.8,14.7,13.0,15.7,5.8,8.4,9.7,19.6,2.8,11.1,3,,0.5,10.1
2017-09-08,2017-09-19,11,6.5,14.8,13.2,16.2,5.5,8.0,9.5,19.4,2.0,11.5,3,,0.0,5.1
2017-09-08,2017-09-20,12,7.0,14.7,13.3,15.7,5.3,8.3,10.0,19.8,3.0,11.0,3,,0.7,6.2
2017-09-08,2017-09-21,13,6.8,14.8,13.5,15.8,5.3,8.8,10.5,19.3,3.0,12.1,3,,1.1,10.2
2017-09-08,2017-09-22,14,6.8,14.8,13.5,15.8,5.3,8.8,10.5,19.3,3.0,12.1,3,,1.1,10.2
2017-09-14,2017-09-14,0,9.8,14.2,13.8,14.5,9.2,10.2,13.5,15.0,7.2,10.8,1,,10.8,18.6
2017-09-14,2017-09-15,1,7.7,14.3,13.7,14.7,7.0,8.0,12.3,15.3,6.0,9.3,1,,1.9,5.6
2017-09-14,2017-09-16,2,7.1,15.7,15.3,16.0,6.8,7.6,13.5,16.7,5.5,9.5,2,,2.6,3.9
2017-09-14,2017-09-17,3,6.2,14.7,14.0,15.0,5.5,7.2,13.0,15.7,3.8,8.4,1,,0.0,1.9
2017-09-14,2017-09-18,4,6.3,13.5,12.2,14.2,5.3,7.0,10.7,15.8,3.3,8.6,2,,0.0,5.1
2017-09-14,2017-09-19,5,6.3,11.7,10.3,13.3,5.0,7.0,7.3,16.0,3.0,10.5,3,,0.7,9.6
2017-09-14,2017-09-20,6,5.8,12.7,11.7,13.7,4.2,7.1,8.8,17.3,1.2,11.4,3,,0.9,3.2
2017-09-14,2017-09-21,7,6.5,13.0,11.5,14.5,5.5,7.5,8.7,16.5,3.2,11.4,3,,0.7,7.0
2017-09-14,2017-09-22,8,6.6,14.0,12.2,15.3,5.2,8.6,9.8,18.3,3.3,13.0,3,,0.0,6.2
2017-09-14,2017-09-23,9,8.0,14.0,12.7,15.3,6.3,9.0,8.0,17.7,2.7,12.1,3,,0.0,4.7
2017-09-14,2017-09-24,10,7.5,14.2,12.5,15.2,6.3,8.8,8.5,17.4,4.0,11.5,3,,0.6,4.4
2017-09-14,2017-09-25,11,7.0,14.3,12.7,15.3,5.5,8.7,10.3,17.7,2.6,11.2,3,,0.5,5.1
2017-09-14,2017-09-26,12,7.2,14.2,12.5,14.8,5.5,9.0,8.5,18.5,2.2,11.0,3,,0.6,5.7
2017-09-14,2017-09-27,13,6.9,13.8,12.5,14.8,5.5,8.1,8.2,19.2,2.2,11.1,3,,0.0,4.0
2017-09-14,2017-09-28,14,6.9,13.8,12.5,14.8,5.5,8.1,8.2,19.2,2.2,11.1,3,,0.0,4.0
2017-10-19,2017-10-19,0,0.5,8.7,8.3,9.0,0.0,1.2,7.8,9.5,-1.5,1.8,1,,0.0,0.3
2017-10-19,2017-10-20,1,-1.2,7.0,6.7,7.3,-1.5,-0.8,5.7,8.3,-3.2,1.0,1,,0.0,0.1
2017-10-19,2017-10-21,2,-2.3,4.3,4.0,5.0,-3.7,-1.7,3.0,7.3,-5.0,2.2,2,,0.0,0.0
2017-10-19,2017-10-22,3,-2.5,4.0,3.7,4.3,-3.8,-1.2,2.3,6.7,-5.2,0.7,2,,0.0,0.8
2017-10-19,2017-10-23,4,-1.8,3.3,3.0,3.7,-2.7,-0.8,2.2,4.8,-4.8,1.2,1,,0.0,1.9
2017-10-19,2017-10-24,5,-1.2,3.3,3.0,4.0,-2.5,-0.3,1.7,6.7,-4.3,2.0,2,,0.0,7.6
2017-10-19,2017-10-25,6,-1.0,3.5,2.5,4.8,-2.5,0.8,0.8,10.2,-5.7,5.3,3,,0.8,6.8
2017-10-19,2017-10-26,7,-1.2,4.0,2.3,6.7,-3.5,1.5,0.3,10.5,-7.5,5.9,3,,0.0,4.2
2017-10-19,2017-10-27,8,-0.3,6.0,4.0,8.3,-3.0,1.7,0.0,11.3,-8.3,5.9,3,,0.0,7.5
2017-10-19,2017-10-28,9,2.0,7.7,3.7,9.3,-1.0,4.3,0.0,12.7,-9.4,7.2,3,,1.0,6.1
2017-10-19,2017-10-29,10,0.2,7.3,3.0,9.3,-2.5,3.5,0.0,11.8,-6.2,6.9,3,,1.1,9.5
2017-10-19,2017-10-30,11,-0.2,6.7,4.7,9.3,-2.8,2.5,0.3,12.2,-6.2,7.4,3,,1.8,8.9
2017-10-19,2017-10-31,12,0.3,8.0,4.2,9.7,-2.7,3.0,0.5,12.2,-7.0,6.8,3,,1.5,7.9
2017-10-19,2017-11-01,13,0.2,7.3,4.5,9.0,-2.5,3.5,-1.5,11.2,-8.0,6.6,3,,0.8,5.5
2017-10-19,2017-11-02,14,0.2,7.3,4.5,9.0,-2.5,3.5,-1.5,11.2,-8.0,6.6,3,,0.8,5.5
2017-11-24,2017-11-24,0,2.7,7.0,7.0,7.0,2.7,2.8,6.5,7.5,2.2,3.2,1,,8.4,9.4
2017-11-24,2017-11-25,1,1.2,4.3,4.3,4.7,0.0,1.8,3.7,5.3,-2.2,2.7,1,,3.0,6.9
2017-11-24,2017-11-26,2,0.7,5.5,5.2,5.7,0.0,1.0,3.2,6.2,-2.8,2.0,1,,13.8,17.4
2017-11-24,2017-11-27,3,1.2,4.0,3.7,4.3,-0.5,2.0,2.5,5.0,-2.3,3.3,1,,2.3,5.7
2017-11-24,2017-11-28,4,0.8,4.2,3.7,4.3,-0.2,1.5,1.5,4.8,-2.3,2.5,2,,2.1,4.3
2017-11-24,2017-11-29,5,-0.3,2.5,2.0,3.0,-1.0,0.3,1.0,4.3,-3.0,1.7,2,,2.1,5.0
2017-11-24,2017-11-30,6,-0.5,2.0,1.0,2.7,-2.5,0.2,0.0,3.8,-5.2,1.5,2,,2.0,9.7
2017-11-24,2017-12-01,7,-1.8,1.5,0.0,2.3,-3.7,0.0,-2.0,5.8,-6.8,1.5,3,,2.8,10.5
2017-11-24,2017-12-02,8,-3.2,1.2,-0.3,2.5,-5.2,-1.2,-3.3,6.2,-11.0,1.8,3,,0.9,5.7
2017-11-24,2017-12-03,9,-3.7,0.5,-1.0,1.7,-6.7,-1.7,-7.0,4.3,-11.3,1.3,3,,0.8,5.7
2017-11-24,2017-12-04,10,-3.8,0.7,-2.8,1.8,-6.5,-2.2,-8.3,4.3,-12.0,0.5,3,,0.7,4.6
2017-11-24,2017-12-05,11,-4.5,-0.5,-2.5,1.7,-7.4,-2.2,-9.0,4.5,-14.5,1.5,3,,1.0,5.9
2017-11-24,2017-12-06,12,-5.2,0.0,-3.0,1.5,-8.5,-2.5,-8.0,3.7,-13.8,0.3,3,,1.1,5.1
2017-11-24,2017-12-07,13,-4.8,-0.2,-2.8,1.2,-7.5,-2.5,-9.0,6.2,-15.8,1.8,3,,1.3,5.7
2017-11-24,2017-12-08,14,-5.8,-1.0,-3.5,0.3,-8.7,-3.2,-12.0,5.0,-17.3,2.2,3,,1.5,7.3
2018-11-29,2018-11-29,0,-1.7,1.2,1.2,1.2,-2.0,-1.3,0.7,1.7,-3.0,-0.7,1,,0.0,0.4
2018-11-29,2018-11-30,1,-0.5,1.5,1.5,2.0,-0.8,-0.5,0.5,2.5,-1.8,0.5,1,,0.0,0.7
2018-11-29,2018-12-01,2,-4.5,0.2,-0.3,0.7,-4.8,-4.2,-1.3,1.2,-5.5,-3.7,1,,0.0,0.4
2018-11-29,2018-12-02,3,-3.2,-0.3,-1.8,1.0,-3.8,-2.5,-3.3,3.7,-4.8,0.2,3,,0.9,4.3
2018-11-29,2018-12-03,4,-0.8,2.2,0.2,3.0,-1.7,0.3,-0.8,4.7,-9.0,2.2,2,,9.2,9.8
2018-11-29,2018-12-04,5,0.0,3.2,2.2,4.2,-1.0,0.7,-0.3,6.0,-9.5,2.7,3,,5.7,8.9
2018-11-29,2018-12-05,6,-1.5,2.8,1.7,3.5,-3.7,-0.5,-1.0,4.8,-6.5,0.5,2,,1.2,6.7
2018-11-29,2018-12-06,7,-3.8,0.5,-1.2,1.2,-5.4,-2.2,-3.0,3.5,-7.8,-0.2,3,,0.0,4.8
2018-11-29,2018-12-07,8,-4.2,0.0,-1.7,1.2,-6.0,-2.2,-4.3,5.6,-12.8,0.5,3,,0.7,9.3
2018-11-29,2018-12-08,9,-5.2,-0.8,-2.5,0.5,-6.8,-3.2,-7.0,5.7,-11.8,3.5,3,,0.6,9.0
2018-11-29,2018-12-09,10,-4.5,-0.8,-2.5,0.8,-6.2,-2.2,-7.0,5.5,-12.4,1.5,3,,0.8,4.2
2018-11-29,2018-12-10,11,-5.7,-1.8,-3.3,0.8,-8.0,-3.3,-9.3,4.8,-13.7,3.0,3,,0.6,5.9
2018-11-29,2018-12-11,12,-5.7,-1.3,-4.5,1.7,-8.2,-3.0,-8.5,5.0,-14.3,2.3,3,,0.8,6.2
2018-11-29,2018-12-12,13,-5.2,-1.3,-4.5,1.3,-9.5,-0.8,-7.5,4.8,-13.5,1.8,3,,0.8,3.9
2018-11-29,2018-12-13,14,-5.5,-0.8,-4.3,1.2,-8.8,-1.3,-9.8,4.2,-14.5,2.3,3,,0.6,3.8
2019-12-09,2019-12-09,0,2.7,6.7,6.7,6.7,1.5,3.7,6.2,7.2,0.7,4.7,1,,4.7,4.4
2019-12-09,2019-12-10,1,-5.7,2.7,1.7,4.0,-6.0,-5.0,0.7,5.5,-6.7,-2.7,2,,1.5,3.5
2019-12-09,2019-12-11,2,-4.3,3.0,2.5,3.5,-5.2,-3.2,1.0,5.0,-6.5,1.8,2,,2.1,3.7
2019-12-09,2019-12-12,3,1.0,3.2,2.7,3.7,0.0,1.3,1.7,4.7,-1.5,2.2,1,,2.3,5.6
2019-12-09,2019-12-13,4,1.2,3.5,3.0,4.0,0.5,1.5,1.5,4.7,-1.8,2.0,2,,6.0,6.3
2019-12-09,2019-12-14,5,1.8,3.5,3.0,4.0,1.5,2.5,1.8,5.3,-0.3,3.2,2,,5.1,8.5
2019-12-09,2019-12-15,6,1.8,4.5,4.0,5.0,1.5,2.5,2.5,6.0,-1.3,3.8,2,,5.3,11.7
2019-12-09,2019-12-16,7,1.2,4.2,3.7,4.8,0.2,1.5,1.7,7.5,-2.5,2.7,2,,3.6,6.2
2019-12-09,2019-12-17,8,0.8,4.5,3.5,5.0,-0.4,2.2,1.5,7.0,-3.0,4.5,2,,1.8,6.0
2019-12-09,2019-12-18,9,0.3,3.7,2.7,4.8,-1.3,1.0,0.2,7.8,-5.8,4.3,3,,0.6,9.0
2019-12-09,2019-12-19,10,-0.2,3.2,1.7,5.0,-1.5,1.2,-3.3,7.2,-5.8,3.5,3,,0.0,5.6
2019-12-09,2019-12-20,11,0.2,3.2,0.7,4.8,-2.2,1.8,-3.5,7.2,-7.5,6.2,3,,0.7,3.6
2019-12-09,2019-12-21,12,0.2,3.5,0.5,5.3,-3.7,2.3,-7.5,8.5,-10.8,5.2,3,,0.9,5.3
2019-12-09,2019-12-22,13,0.8,4.0,0.0,5.3,-4.2,3.2,-6.5,9.7,-10.3,5.5,3,,1.3,4.3
2019-12-09,2019-12-23,14,-0.2,3.5,-0.8,5.2,-3.5,2.3,-7.3,7.8,-13.8,4.8,3,,0.9,6.0
2020-01-12,2020-01-12,0,1.2,5.2,5.2,5.2,0.2,1.7,4.7,5.7,-1.3,2.2,1,,5.0,6.0
2020-01-12,2020-01-13,1,-0.8,1.5,0.5,2.0,-1.2,-0.5,0.0,2.5,-3.5,0.5,1,,0.0,0.0
2020-01-12,2020-01-14,2,0.5,4.0,3.5,4.5,-0.2,0.8,3.0,5.5,-2.4,2.2,1,,3.5,4.8
2020-01-12,2020-01-15,3,3.5,7.5,7.0,8.0,2.8,3.8,6.5,9.5,1.5,4.8,1,,13.0,10.0
2020-01-12,2020-01-16,4,2.0,6.5,6.0,7.3,1.2,3.0,5.0,9.5,-1.5,5.0,2,,0.5,3.4
2020-01-12,2020-01-17,5,1.5,5.0,4.2,5.5,0.5,2.2,2.0,6.0,-3.3,3.8,2,,0.0,2.9
2020-01-12,2020-01-18,6,1.5,4.7,4.2,5.2,0.5,2.5,1.2,6.2,-4.0,3.6,2,,1.3,4.8
2020-01-12,2020-01-19,7,-1.7,2.7,2.2,3.2,-4.2,-0.2,-2.8,4.7,-7.0,2.7,3,,0.0,3.3
2020-01-12,2020-01-20,8,-2.5,2.0,0.5,3.5,-4.5,-0.8,-1.5,8.0,-6.8,2.2,3,,0.0,8.1
2020-01-12,2020-01-21,9,-1.2,2.5,1.0,4.5,-3.3,0.5,-5.0,7.7,-11.0,3.0,3,,0.9,9.2
2020-01-12,2020-01-22,10,-4.8,0.7,-1.3,1.2,-6.8,-2.2,-6.3,5.2,-9.5,0.2,3,,0.0,3.0
2020-01-12,2020-01-23,11,-6.7,-2.3,-4.8,0.2,-8.0,-4.3,-6.3,5.2,-10.3,-1.2,3,,0.0,1.9
2020-01-12,2020-01-24,12,-7.3,-2.0,-4.5,1.5,-9.8,-4.3,-10.3,4.5,-15.5,1.7,3,,0.6,5.3
2020-01-12,2020-01-25,13,-5.7,0.2,-3.8,1.7,-9.5,-3.2,-10.3,5.2,-16.0,2.0,3,,1.4,6.6
2020-01-12,2020-01-26,14,-4.2,-1.0,-4.5,1.5,-9.3,-1.2,-10.0,4.7,-15.5,1.0,3,,0.8,4.7
2020-04-01,2020-04-01,0,-2.3,7.5,7.0,8.0,-3.0,-1.7,5.7,9.0,-4.3,-1.0,2,,0.0,0.6
2020-04-01,2020-04-02,1,-0.7,6.7,6.2,7.3,-1.7,0.3,4.5,8.7,-3.7,1.8,2,,5.9,7.6
2020-04-01,2020-04-03,2,-2.7,5.5,4.5,6.0,-3.2,-2.0,3.0,6.5,-4.3,0.0,2,,3.9,4.0
2020-04-01,2020-04-04,3,-3.2,5.0,3.5,6.0,-3.8,-2.8,-1.0,7.0,-5.2,-1.5,3,,0.0,0.6
2020-04-01,2020-04-05,4,-3.3,6.5,5.5,7.3,-4.0,-2.7,2.0,9.5,-6.2,-0.3,3,,0.0,0.8
2020-04-01,2020-04-06,5,2.0,9.0,7.2,10.0,-0.7,3.3,1.2,11.3,-5.3,4.7,3,,0.0,0.7
2020-04-01,2020-04-07,6,2.5,11.0,9.0,12.0,1.2,3.5,3.2,14.7,-1.8,5.2,3,,0.6,3.9
2020-04-01,2020-04-08,7,1.7,11.2,9.7,12.7,0.0,2.7,5.7,15.5,-3.7,4.7,3,,0.0,1.2
2020-04-01,2020-04-09,8,1.5,11.3,8.8,12.5,-1.3,2.5,3.5,16.2,-5.5,5.3,3,,0.0,1.7
2020-04-01,2020-04-10,9,2.3,10.5,9.3,11.8,0.7,3.3,3.5,16.4,-5.0,6.0,3,,0.0,3.0
2020-04-01,2020-04-11,10,1.3,10.3,8.0,12.0,-0.7,2.3,4.5,15.8,-6.0,5.0,3,,0.0,6.0
2020-04-01,2020-04-12,11,1.3,9.8,7.8,11.5,-1.2,2.7,2.2,16.2,-5.3,5.8,3,,0.0,3.5
2020-04-01,2020-04-13,12,0.5,9.3,7.0,11.0,-1.4,2.2,2.5,14.7,-8.7,5.8,3,,0.0,3.6
2020-04-01,2020-04-14,13,0.5,8.7,7.0,10.7,-1.5,1.5,3.0,15.5,-9.5,5.9,3,,0.0,4.5
2020-04-01,2020-04-15,14,0.5,8.7,7.0,10.7,-1.5,1.5,3.0,15.5,-9.5,5.9,3,,0.0,4.5
2020-04-19,2020-04-19,0,0.3,9.0,8.3,9.7,0.0,0.7,6.7,10.3,-0.7,1.3,2,,0.0,0.0
2020-04-19,2020-04-20,1,3.3,11.3,11.0,11.7,3.0,3.7,10.7,13.3,1.7,4.3,1,,0.0,0.2
2020-04-19,2020-04-21,2,3.7,13.8,13.2,14.2,2.8,4.3,11.8,15.8,1.5,5.3,2,,0.0,0.0
2020-04-19,2020-04-22,3,2.7,11.2,10.5,12.0,1.8,3.2,8.0,15.8,-0.2,5.3,3,,0.0,0.0
2020-04-19,2020-04-23,4,2.7,13.5,12.7,14.2,1.7,3.0,9.3,16.4,-1.2,5.5,3,,0.0,0.0
2020-04-19,2020-04-24,5,2.3,10.3,9.0,12.0,0.3,4.0,5.0,14.7,-1.7,5.8,3,,0.0,1.0
2020-04-19,2020-04-25,6,-0.7,8.7,7.3,9.5,-1.8,1.3,4.3,11.7,-3.7,4.4,3,,0.0,1.1
2020-04-19,2020-04-26,7,-1.0,9.0,7.3,10.3,-3.0,1.0,5.0,14.2,-5.0,3.9,3,,0.0,1.0
2020-04-19,2020-04-27,8,-0.3,9.0,7.2,10.5,-1.3,1.7,3.5,15.0,-4.8,5.9,3,,0.0,2.3
2020-04-19,2020-04-28,9,0.0,9.2,8.2,10.5,-1.7,1.3,5.5,16.5,-4.7,4.2,3,,0.0,3.7
2020-04-19,2020-04-29,10,0.7,10.0,8.7,11.3,-0.7,2.0,5.7,14.8,-2.2,5.6,3,,0.0,1.7
2020-04-19,2020-04-30,11,0.7,11.0,8.7,12.3,-0.7,2.3,6.5,17.8,-3.0,6.0,3,,0.0,1.7
2020-04-19,2020-05-01,12,1.3,12.2,10.2,13.8,0.0,2.0,6.8,18.7,-2.3,5.4,3,,0.0,3.5
2020-04-19,2020-05-02,13,2.7,12.3,10.3,13.7,1.3,4.3,6.3,18.7,-1.3,7.1,3,,0.0,6.8
2020-04-19,2020-05-03,14,2.7,12.3,10.3,13.7,1.3,4.3,6.3,18.7,-1.3,7.1,3,,0.0,6.8
2020-05-27,2020-05-27,0,11.2,21.8,21.5,22.2,10.7,11.6,21.2,22.8,9.8,13.0,1,,0.0,0.8
2020-05-27,2020-05-28,1,10.7,20.3,19.7,20.7,10.3,11.2,18.8,21.7,8.5,12.0,1,,2.8,3.0
2020-05-27,2020-05-29,2,9.5,19.7,19.3,20.3,9.0,10.0,16.5,21.3,7.4,11.2,2,,0.0,0.0
2020-05-27,2020-05-30,3,11.5,21.0,20.5,21.5,11.0,12.0,19.3,23.5,9.0,13.0,2,,0.0,0.0
2020-05-27,2020-05-31,4,10.6,21.2,20.3,22.7,9.7,11.6,16.5,27.2,7.7,12.9,3,,0.0,0.0
2020-05-27,2020-06-01,5,9.5,19.7,18.0,22.5,8.2,12.0,12.8,29.5,6.7,14.5,3,,0.0,0.1
2020-05-27,2020-06-02,6,8.5,20.5,17.8,23.8,7.2,11.0,12.2,29.7,4.9,15.9,3,,0.0,0.1
2020-05-27,2020-06-03,7,10.2,21.3,19.2,23.7,8.0,12.0,12.8,27.5,4.0,14.1,3,,0.0,1.9
2020-05-27,2020-06-04,8,11.5,21.0,19.7,21.8,10.0,12.6,14.2,25.7,6.9,14.6,3,,0.0,5.0
2020-05-27,2020-06-05,9,10.6,20.5,18.2,22.2,9.5,11.9,15.2,27.0,7.2,15.1,3,,0.0,8.2
2020-05-27,2020-06-06,10,12.0,21.5,19.0,23.8,11.0,13.2,16.0,27.7,8.7,16.1,3,,1.1,7.4
2020-05-27,2020-06-07,11,11.0,20.5,18.5,23.2,9.7,12.7,15.2,27.9,6.3,15.6,3,,1.2,7.4
2020-05-27,2020-06-08,12,11.0,20.5,19.0,23.5,10.0,13.0,15.6,30.0,6.2,17.1,3,,0.5,6.3
2020-05-27,2020-06-09,13,10.5,21.2,19.6,23.6,9.1,12.0,15.0,29.8,5.6,17.0,3,,0.0,8.4
2020-05-27,2020-06-10,14,10.5,21.2,19.6,23.6,9.1,12.0,15.0,29.8,5.6,17.0,3,,0.0,8.4
2020-06-21,2020-06-21,0,12.4,21.1,20.4,21.4,11.9,12.6,19.0,22.2,11.0,13.4,2,,0.0,0.0
2020-06-21,2020-06-22,1,11.6,22.0,21.5,22.2,11.4,11.9,20.0,23.2,9.5,13.0,2,,0.0,0.0
2020-06-21,2020-06-23,2,10.1,25.9,25.1,26.4,9.6,10.6,22.6,27.9,7.5,12.9,2,,0.0,0.0
2020-06-21,2020-06-24,3,14.9,28.6,27.9,29.4,14.1,15.5,26.4,30.9,10.6,17.3,2,,0.0,0.0
2020-06-21,2020-06-25,4,15.5,29.5,28.4,30.9,14.8,16.5,26.7,32.0,12.4,17.6,2,,0.0,0.0
2020-06-21,2020-06-26,5,16.4,28.3,27.3,29.3,15.6,17.2,25.7,31.3,13.6,19.1,2,,0.0,0.0
2020-06-21,2020-06-27,6,16.1,28.5,27.5,29.2,15.2,16.5,25.8,30.8,14.4,17.9,2,,0.0,0.0
2020-06-21,2020-06-28,7,16.6,28.2,27.2,28.8,15.9,17.4,22.7,31.3,13.6,19.2,3,,0.0,0.1
2020-06-21,2020-06-29,8,16.8,27.8,26.3,28.8,15.9,17.5,20.8,33.0,12.2,18.5,3,,0.0,2.4
2020-06-21,2020-06-30,9,15.5,24.8,22.2,28.5,13.9,16.5,18.2,31.2,11.8,19.3,3,,0.0,5.8
2020-06-21,2020-07-01,10,12.6,22.7,20.7,25.3,11.6,14.4,17.2,31.1,9.4,18.1,3,,0.0,9.1
2020-06-21,2020-07-02,11,11.6,22.3,20.0,24.7,10.5,12.9,16.3,29.5,7.5,15.7,3,,0.0,8.4
2020-06-21,2020-07-03,12,11.6,21.8,20.5,24.1,10.5,13.1,16.5,31.1,8.1,18.1,3,,0.0,8.2
2020-06-21,2020-07-04,13,10.9,21.7,20.0,24.0,9.4,12.4,16.8,29.6,6.4,16.9,3,,0.0,10.0
2020-06-21,2020-07-05,14,11.0,22.3,20.5,24.2,10.0,12.5,16.7,29.8,5.9,16.8,3,,1.6,9.0
2020-06-28,2020-06-28,0,18.1,25.0,24.7,25.7,17.4,18.6,22.8,27.2,16.9,19.1,2,,0.0,1.0
2020-06-28,2020-06-29,1,17.1,23.0,22.7,23.5,16.9,17.4,20.1,25.2,14.9,18.6,2,,19.6,20.2
2020-06-28,2020-06-30,2,14.7,22.2,21.2,22.9,14.2,15.2,18.1,24.4,12.4,16.7,3,,21.4,20.3
2020-06-28,2020-07-01,3,13.7,19.9,19.1,20.6,12.1,14.2,17.9,22.0,10.4,15.4,2,,13.5,9.5
2020-06-28,2020-07-02,4,11.9,20.5,19.8,21.0,10.6,13.1,17.6,23.9,8.7,16.1,3,,6.1,7.8
2020-06-28,2020-07-03,5,12.0,21.2,20.1,21.8,10.7,13.2,16.4,25.4,7.0,14.9,3,,0.7,9.6
2020-06-28,2020-07-04,6,11.9,21.6,20.6,22.5,10.2,12.9,17.0,25.6,8.6,14.6,3,,0.0,2.7
2020-06-28,2020-07-05,7,11.9,22.2,20.7,23.7,10.4,12.8,18.0,27.5,8.5,15.4,3,,0.0,8.8
2020-06-28,2020-07-06,8,13.9,22.8,21.5,25.2,12.1,15.6,17.8,28.5,10.0,18.1,3,,0.6,10.6
2020-06-28,2020-07-07,9,14.6,22.7,21.2,24.5,13.1,15.5,18.2,29.9,10.4,18.1,3,,0.0,7.1
2020-06-28,2020-07-08,10,14.6,24.0,21.3,25.8,13.5,15.9,17.0,30.2,11.2,19.3,3,,0.0,11.3
2020-06-28,2020-07-09,11,15.2,24.3,21.7,26.5,14.2,16.6,15.2,30.5,10.5,20.2,3,,0.0,7.1
2020-06-28,2020-07-10,12,14.7,23.7,21.0,26.1,13.4,17.2,16.7,29.6,11.0,19.5,3,,0.0,4.4
2020-06-28,2020-07-11,13,14.4,23.2,20.8,25.9,12.9,17.1,18.5,31.2,11.1,19.9,3,,0.0,2.4
2020-06-28,2020-07-12,14,14.4,23.2,20.8,25.9,12.9,17.1,18.5,31.2,11.1,19.9,3,,0.0,2.4
2020-09-18,2020-09-18,0,5.5,15.7,15.3,16.0,5.2,5.8,14.0,16.7,4.8,6.2,1,,0.0,0.0
2020-09-18,2020-09-19,1,5.8,14.5,14.2,14.8,5.5,6.2,13.2,15.5,4.5,6.8,1,,0.0,0.0
2020-09-18,2020-09-20,2,5.0,14.8,14.3,15.2,4.7,5.3,13.2,16.2,3.3,6.2,1,,0.0,0.5
2020-09-18,2020-09-21,3,9.8,16.0,15.5,16.3,7.5,11.0,12.7,17.7,6.2,12.5,2,,0.0,0.4
2020-09-18,2020-09-22,4,11.0,16.2,15.5,16.8,8.7,12.3,13.8,18.7,5.0,13.7,2,,0.0,1.8
2020-09-18,2020-09-23,5,9.0,16.5,14.5,17.2,6.0,11.0,11.8,18.5,2.7,13.7,3,,0.0,2.9
2020-09-18,2020-09-24,6,8.0,16.0,14.7,17.3,5.1,10.5,13.0,19.3,0.5,13.0,3,,0.0,5.2
2020-09-18,2020-09-25,7,10.8,18.3,17.0,19.2,9.5,11.5,14.7,21.2,2.5,13.5,3,,2.4,13.2
2020-09-18,2020-09-26,8,12.0,18.5,16.5,20.3,9.6,13.5,13.7,22.0,5.0,14.5,3,,2.9,14.1
2020-09-18,2020-09-27,9,9.8,16.5,13.8,17.8,8.5,11.5,11.2,20.5,3.0,14.6,3,,3.1,9.7
2020-09-18,2020-09-28,10,8.8,15.3,13.5,16.3,7.2,10.2,11.0,18.8,3.5,12.6,3,,2.3,13.2
2020-09-18,2020-09-29,11,7.5,14.2,12.8,15.5,5.2,8.8,9.8,19.0,1.8,13.1,3,,1.5,8.1
2020-09-18,2020-09-30,12,7.3,13.8,12.8,15.2,5.3,9.0,10.2,18.3,0.8,12.0,3,,1.8,10.2
2020-09-18,2020-10-01,13,7.5,14.2,12.8,15.5,5.8,9.1,9.2,18.0,0.7,11.4,3,,0.7,8.8
2020-09-18,2020-10-02,14,7.5,14.2,12.8,15.5,5.8,9.1,9.2,18.0,0.7,11.4,3,,0.7,8.8
2020-11-17,2020-11-17,0,4.0,8.3,8.3,8.3,3.7,4.0,8.0,8.7,3.3,4.7,1,11.8,6.4,12.3
2020-11-17,2020-11-18,1,7.0,10.3,10.3,10.3,6.7,7.3,10.0,10.7,2.7,7.5,1,5.4,5.4,11.0
2020-11-17,2020-11-19,2,0.8,9.5,9.5,9.5,-0.2,2.8,8.8,10.2,-1.2,6.5,1,11.6,5.0,12.5
2020-11-17,2020-11-20,3,-1.7,3.3,2.8,4.5,-2.5,-1.0,1.0,7.7,-3.7,1.3,3,7.4,0.0,7.4
2020-11-17,2020-11-21,4,-3.8,3.3,2.3,4.3,-4.7,-3.2,-0.8,8.7,-5.8,-1.3,3,8.3,0.0,10.2
2020-11-17,2020-11-22,5,2.0,6.7,5.7,7.3,0.7,2.7,1.7,8.7,-3.0,4.5,3,2.4,1.2,11.0
2020-11-17,2020-11-23,6,0.2,4.2,2.8,5.2,-1.3,1.2,-0.2,6.7,-4.0,2.5,3,0.1,0.0,1.2
2020-11-17,2020-11-24,7,-3.0,2.0,0.7,3.0,-4.0,-2.0,-2.2,7.3,-6.3,1.8,3,0.0,0.0,0.6
2020-11-17,2020-11-25,8,-4.3,3.7,1.0,6.0,-5.7,-3.0,-4.5,7.5,-12.8,2.2,3,0.2,0.0,6.1
2020-11-17,2020-11-26,9,1.2,6.2,3.8,6.8,-1.8,2.8,-2.3,8.8,-8.2,5.5,3,0.3,0.0,5.6
2020-11-17,2020-11-27,10,1.3,5.7,3.3,7.0,-1.0,3.0,-3.3,10.3,-6.8,5.7,3,0.4,0.0,5.9
2020-11-17,2020-11-28,11,1.3,5.3,2.7,6.7,-0.7,2.7,-3.3,9.7,-7.7,5.5,3,0.4,0.1,6.6
2020-11-17,2020-11-29,12,1.0,5.0,2.3,7.0,-1.3,2.8,-3.8,9.0,-7.0,6.0,3,0.4,0.0,4.1
2020-11-17,2020-11-30,13,0.8,5.3,2.7,6.5,-1.5,2.8,-2.0,8.7,-6.3,5.2,3,0.7,0.0,8.2
2020-11-17,2020-12-01,14,0.8,5.3,2.7,6.5,-1.5,2.8,-2.0,8.7,-6.3,5.2,3,0.0,0.0,8.2
2020-11-29,2020-11-29,0,-1.8,0.7,0.3,0.7,-2.2,-1.5,0.0,1.0,-2.8,-0.8,1,2.9,0.5,2.9
2020-11-29,2020-11-30,1,-2.7,1.5,1.2,1.8,-2.8,-2.5,0.5,2.3,-3.5,-2.0,1,4.6,1.9,4.6
2020-11-29,2020-12-01,2,-0.7,4.2,3.8,4.5,-1.0,-0.3,3.3,4.8,-3.3,1.0,1,4.8,1.7,7.4
2020-11-29,2020-12-02,3,-1.2,3.0,2.3,3.3,-2.2,-0.2,0.7,4.0,-3.8,1.3,2,1.0,0.3,1.5
2020-11-29,2020-12-03,4,-2.3,0.3,0.0,1.0,-3.0,-1.7,-1.5,2.7,-4.0,-1.0,2,0.5,0.2,1.6
2020-11-29,2020-12-04,5,-1.5,1.8,1.2,2.3,-2.2,-1.2,-0.8,4.3,-4.2,-0.2,2,0.5,0.1,6.8
2020-11-29,2020-12-05,6,0.2,4.0,3.2,4.7,-0.5,0.8,0.0,6.0,-3.2,2.7,2,1.3,0.2,5.0
2020-11-29,2020-12-06,7,2.0,4.2,3.5,5.5,1.0,3.3,-0.8,7.8,-2.8,5.0,3,0.4,0.1,2.4
2020-11-29,2020-12-07,8,0.5,2.8,1.5,5.0,-1.0,2.5,-1.8,7.5,-3.5,5.3,3,0.2,0.0,5.0
2020-11-29,2020-12-08,9,-0.8,2.0,1.0,4.5,-2.5,0.3,-2.0,7.5,-6.3,4.3,3,0.1,0.0,3.5
2020-11-29,2020-12-09,10,-2.0,1.7,0.2,3.2,-3.3,-0.7,-1.8,6.2,-5.7,2.3,3,0.2,0.0,2.7
2020-11-29,2020-12-10,11,-2.3,1.5,0.0,3.2,-4.3,-1.0,-4.0,6.0,-9.0,2.0,3,0.4,0.0,3.6
2020-11-29,2020-12-11,12,-2.0,2.2,0.7,3.2,-4.3,-0.7,-2.3,6.0,-7.0,2.2,3,0.4,0.0,3.2
2020-11-29,2020-12-12,13,-1.7,1.7,0.5,3.7,-3.3,0.0,-4.3,7.7,-8.0,4.3,3,0.6,0.1,5.0
2020-11-29,2020-12-13,14,-2.0,2.0,0.0,3.7,-4.7,-0.5,-4.0,7.0,-8.7,3.3,3,0.0,0.0,6.5
2020-12-07,2020-12-07,0,-1.3,3.0,3.0,3.0,-1.3,-1.3,2.5,4.0,-1.7,-0.7,1,0.0,0.0,0.0
2020-12-07,2020-12-08,1,-2.2,-0.5,-0.5,0.0,-2.5,-2.2,-1.5,0.5,-3.0,-1.8,1,0.0,0.0,0.0
2020-12-07,2020-12-09,2,-3.5,-1.8,-2.3,-1.3,-3.8,-3.2,-2.8,-0.8,-4.5,-2.5,1,0.0,0.0,0.0
2020-12-07,2020-12-10,3,-3.2,-0.5,-1.0,0.0,-3.5,-2.8,-1.5,1.0,-4.5,-1.8,1,0.1,0.0,0.5
2020-12-07,2020-12-11,4,-1.8,1.5,1.0,2.0,-2.3,-1.2,0.0,2.5,-3.8,0.5,1,1.7,0.7,8.7
2020-12-07,2020-12-12,5,-1.0,1.5,1.0,2.0,-2.0,0.0,0.0,2.5,-4.0,1.3,1,0.7,0.1,2.9
2020-12-07,2020-12-13,6,-1.3,1.0,0.5,1.5,-2.3,-0.3,-1.0,3.5,-4.0,1.5,2,0.7,0.1,5.0
2020-12-07,2020-12-14,7,-0.2,1.5,0.5,2.5,-1.3,0.3,-2.5,3.8,-4.8,2.5,3,1.0,0.1,7.5
2020-12-07,2020-12-15,8,-0.2,2.2,0.7,3.7,-2.3,0.8,-3.3,7.0,-6.5,2.8,3,0.7,0.1,7.6
2020-12-07,2020-12-16,9,0.0,3.0,0.5,4.3,-2.0,1.7,-5.0,6.3,-9.3,4.3,3,0.5,0.2,6.1
2020-12-07,2020-12-17,10,0.0,3.0,0.0,4.5,-3.0,1.3,-5.5,5.7,-9.3,4.3,3,0.6,0.1,6.6
2020-12-07,2020-12-18,11,-0.8,2.2,-0.8,4.2,-4.5,0.8,-6.8,8.5,-12.8,4.2,3,0.6,0.1,6.4
2020-12-07,2020-12-19,12,-1.7,1.5,-1.3,3.5,-4.7,0.3,-11.0,7.0,-15.5,5.7,3,0.4,0.0,2.8
2020-12-07,2020-12-20,13,-2.7,0.7,-2.8,3.3,-6.2,-0.2,-11.3,6.6,-15.0,4.3,3,0.3,0.0,4.9
2020-12-07,2020-12-21,14,-2.7,0.7,-2.8,3.3,-6.2,-0.2,-11.3,6.6,-15.0,4.3,3,0.0,0.0,4.9
2021-04-17,2021-04-17,0,3.3,14.7,14.0,15.0,3.3,3.7,13.0,15.3,2.8,4.0,1,0.0,0.0,0.0
2021-04-17,2021-04-18,1,4.0,13.8,13.5,14.2,3.7,4.3,12.8,14.5,3.2,4.3,1,0.0,0.0,0.0
2021-04-17,2021-04-19,2,3.8,12.7,12.0,13.0,3.5,3.8,10.0,14.0,2.2,4.5,2,0.0,0.0,0.0
2021-04-17,2021-04-20,3,2.8,10.2,9.8,10.8,2.3,3.2,7.5,11.7,0.8,4.2,2,0.6,0.0,0.6
2021-04-17,2021-04-21,4,2.8,10.7,9.3,11.0,1.8,3.5,5.0,13.2,-0.5,5.3,3,2.0,0.0,4.8
2021-04-17,2021-04-22,5,2.3,10.5,9.5,11.8,1.0,3.3,7.2,14.0,-0.7,4.7,3,5.4,0.0,5.4
2021-04-17,2021-04-23,6,2.5,9.2,7.7,10.5,0.5,3.1,6.3,15.0,-0.8,5.8,3,4.1,0.2,10.3
2021-04-17,2021-04-24,7,1.2,9.3,8.0,10.7,-0.3,2.2,6.2,16.5,-1.5,8.2,3,0.5,0.0,8.1
2021-04-17,2021-04-25,8,0.5,9.0,8.2,10.2,-0.5,1.6,6.7,13.8,-3.0,4.0,3,0.1,0.1,3.5
2021-04-17,2021-04-26,9,-0.1,9.0,7.7,10.3,-1.5,1.6,5.3,14.0,-3.5,6.1,3,0.3,0.0,5.1
2021-04-17,2021-04-27,10,0.5,9.3,8.0,10.7,-1.0,1.5,5.0,15.2,-4.5,5.2,3,0.2,0.0,3.8
2021-04-17,2021-04-28,11,1.2,11.0,9.7,12.0,-0.2,2.7,6.5,15.7,-1.5,6.0,3,0.2,0.0,5.7
2021-04-17,2021-04-29,12,1.5,10.7,9.3,11.7,0.5,2.9,6.5,15.7,-2.2,5.6,3,0.1,0.0,2.9
2021-04-17,2021-04-30,13,1.5,11.0,9.3,12.0,0.5,3.0,6.7,16.0,-1.7,6.4,3,0.1,0.0,3.6
2021-04-17,2021-05-01,14,1.5,10.7,9.3,12.0,-0.2,3.2,6.7,17.2,-2.5,8.4,3,0.0,0.0,5.5
2021-09-22,2021-09-22,0,2.2,10.2,9.8,10.5,1.8,2.5,9.5,10.8,0.8,3.0,1,0.0,0.0,0.0
2021-09-22,2021-09-23,1,6.2,10.2,9.8,10.5,5.2,6.5,9.5,11.2,1.7,7.2,1,3.3,3.0,13.0
2021-09-22,2021-09-24,2,6.5,10.2,9.8,10.5,6.2,6.5,9.0,12.8,5.8,7.2,2,10.8,3.3,10.8
2021-09-22,2021-09-25,3,6.0,11.5,10.5,12.0,5.5,6.7,9.2,14.2,3.5,7.8,2,6.3,0.9,8.4
2021-09-22,2021-09-26,4,4.8,12.5,12.2,13.3,3.8,5.5,10.8,14.2,2.0,7.5,2,0.0,0.0,0.2
2021-09-22,2021-09-27,5,3.3,12.2,11.5,12.7,2.7,4.3,9.5,13.7,0.7,6.7,2,0.0,0.0,0.2
2021-09-22,2021-09-28,6,4.2,11.2,10.5,12.2,3.2,5.5,8.5,14.5,0.5,8.4,2,0.0,0.0,0.5
2021-09-22,2021-09-29,7,4.8,11.5,9.8,11.8,3.0,6.6,8.6,14.2,-0.3,8.8,2,0.3,0.0,2.3
2021-09-22,2021-09-30,8,6.6,11.0,9.7,12.7,3.5,7.9,7.7,14.5,-0.8,10.4,3,0.2,0.0,5.4
2021-09-22,2021-10-01,9,6.9,12.2,9.5,13.2,3.0,8.6,6.0,15.7,0.3,10.8,3,0.2,0.0,14.4
2021-09-22,2021-10-02,10,7.0,12.2,10.2,13.5,4.5,8.9,6.5,16.1,0.0,11.4,3,1.8,0.0,9.6
2021-09-22,2021-10-03,11,6.9,12.2,9.5,12.8,4.2,8.1,5.5,15.5,0.2,10.6,3,0.0,0.0,8.9
2021-09-22,2021-10-04,12,5.8,11.5,9.2,12.5,3.8,8.1,4.5,15.2,-0.8,9.9,3,0.0,0.0,10.7
2021-09-22,2021-10-05,13,6.2,11.5,9.2,12.5,3.5,8.1,5.8,14.8,-0.8,10.9,3,0.0,0.0,10.9
2021-09-22,2021-10-06,14,5.3,11.2,9.2,12.2,2.7,7.5,5.2,14.6,-1.3,11.0,3,0.0,0.0,9.0
2021-09-23,2021-09-23,0,3.0,10.5,10.2,10.5,2.7,3.3,9.5,11.0,2.0,5.2,1,7.1,6.1,11.9
2021-09-23,2021-09-24,1,6.0,10.2,10.0,10.5,5.7,6.0,9.8,11.2,5.5,6.7,1,13.4,5.6,13.4
2021-09-23,2021-09-25,2,4.8,12.5,11.8,13.2,4.5,5.2,9.8,14.0,3.5,6.5,2,4.1,0.5,4.8
2021-09-23,2021-09-26,3,3.0,13.5,12.8,14.2,2.0,3.7,10.8,15.5,1.0,5.3,2,0.0,0.0,0.0
2021-09-23,2021-09-27,4,3.8,12.5,11.8,13.2,2.5,5.0,10.7,15.5,1.0,7.8,2,0.0,0.0,0.0
2021-09-23,2021-09-28,5,5.5,11.8,11.5,12.2,3.3,7.0,10.7,14.0,0.8,7.9,2,0.2,0.0,1.1
2021-09-23,2021-09-29,6,5.9,11.6,11.3,12.3,4.8,6.6,10.1,13.8,0.3,7.9,2,0.0,0.0,1.4
2021-09-23,2021-09-30,7,6.0,11.6,10.6,12.3,4.7,6.5,9.0,13.6,3.0,8.2,2,1.4,0.0,3.4
2021-09-23,2021-10-01,8,5.5,11.2,10.2,12.3,4.5,6.4,7.5,15.5,2.5,10.2,3,0.0,0.0,10.0
2021-09-23,2021-10-02,9,5.8,11.2,10.3,12.5,4.8,7.0,7.2,14.5,1.0,8.7,3,4.1,0.0,9.7
2021-09-23,2021-10-03,10,5.2,11.5,10.5,12.5,3.2,6.2,6.6,14.8,-1.3,8.1,3,0.1,0.0,14.2
2021-09-23,2021-10-04,11,4.3,11.6,10.0,12.6,2.7,6.0,6.5,15.0,-1.3,8.1,3,0.0,0.0,10.5
2021-09-23,2021-10-05,12,3.7,11.6,9.6,13.0,1.7,5.7,6.6,15.0,-1.3,8.5,3,0.0,0.0,8.3
2021-09-23,2021-10-06,13,4.3,11.3,9.0,12.6,2.0,6.2,5.0,16.3,-2.2,9.2,3,0.0,0.0,7.7
2021-09-23,2021-10-07,14,3.5,11.5,8.8,12.8,0.8,5.5,5.5,16.0,-2.5,9.1,3,0.0,0.0,7.2
2021-10-20,2021-10-20,0,4.2,11.8,11.7,12.0,4.2,4.2,11.2,12.5,3.5,4.5,1,18.5,13.0,19.0
2021-10-20,2021-10-21,1,7.3,11.7,11.3,11.7,6.7,7.7,10.7,12.3,5.5,9.3,1,7.0,6.9,15.5
2021-10-20,2021-10-22,2,3.3,8.2,7.8,8.5,2.8,3.8,7.2,9.8,1.7,4.5,1,6.7,0.9,10.6
2021-10-20,2021-10-23,3,-2.0,4.2,3.8,4.5,-2.7,-1.0,2.5,6.3,-3.7,1.3,2,2.6,0.0,2.6
2021-10-20,2021-10-24,4,-3.5,5.0,4.0,5.8,-3.8,-3.2,1.3,7.7,-4.8,-1.2,3,0.2,0.0,1.9
2021-10-20,2021-10-25,5,4.8,8.2,7.2,8.5,3.8,5.8,4.8,9.8,-3.0,7.3,2,1.9,0.7,5.2
2021-10-20,2021-10-26,6,6.0,8.3,7.0,9.0,4.8,6.5,5.0,10.0,-1.8,7.2,2,0.9,0.3,7.7
2021-10-20,2021-10-27,7,4.8,8.0,7.7,9.0,3.3,5.8,0.0,10.8,-4.0,7.2,3,2.4,0.2,12.6
2021-10-20,2021-10-28,8,4.7,8.3,7.3,9.8,3.3,5.8,-0.3,11.8,-4.0,9.8,3,14.3,0.2,14.3
2021-10-20,2021-10-29,9,4.2,8.5,6.3,10.2,1.0,6.0,-1.8,12.9,-6.7,9.2,3,6.8,0.0,6.8
2021-10-20,2021-10-30,10,3.5,7.7,5.7,9.2,1.2,5.8,-1.0,11.0,-4.8,8.6,3,3.6,0.0,6.4
2021-10-20,2021-10-31,11,3.2,7.0,5.0,9.0,0.5,4.8,-1.0,11.2,-5.2,8.1,3,0.0,0.0,6.5
2021-10-20,2021-11-01,12,2.5,6.8,4.0,9.2,-0.3,5.0,-0.3,11.4,-4.5,8.6,3,0.0,0.0,7.8
2021-10-20,2021-11-02,13,2.5,8.0,4.3,9.3,-0.5,5.7,-1.0,11.2,-5.2,8.2,3,0.0,0.0,8.0
2021-10-20,2021-11-03,14,4.2,7.7,3.3,9.3,-0.2,6.2,-1.8,11.2,-5.2,8.6,3,0.0,0.0,6.8
2021-11-19,2021-11-19,0,-0.3,5.3,4.8,5.7,-0.3,-0.3,3.7,6.7,-0.7,0.0,1,4.1,2.6,6.6
2021-11-19,2021-11-20,1,-0.3,4.5,4.5,4.7,-1.0,0.5,3.8,4.8,-1.3,2.0,1,0.5,0.0,0.5
2021-11-19,2021-11-21,2,-3.3,1.3,1.0,1.7,-3.7,-3.0,-0.2,2.3,-5.7,-1.7,1,0.2,0.0,0.4
2021-11-19,2021-11-22,3,-5.3,2.0,0.7,2.3,-6.0,-4.7,-3.0,3.0,-8.0,-3.8,2,0.9,0.0,2.6
2021-11-19,2021-11-23,4,-2.0,2.7,1.3,3.7,-4.0,0.0,-0.5,6.7,-5.5,2.3,3,2.2,0.1,3.1
2021-11-19,2021-11-24,5,-3.7,4.3,0.3,5.0,-7.2,-0.7,-4.0,6.7,-12.0,1.8,3,5.3,0.0,5.3
2021-11-19,2021-11-25,6,-2.7,3.3,1.3,5.0,-5.2,0.0,-3.5,6.7,-9.0,4.0,3,2.0,0.0,10.0
2021-11-19,2021-11-26,7,-3.8,2.2,-0.7,3.8,-6.2,-1.2,-4.8,6.6,-14.7,3.5,3,0.5,0.0,7.2
2021-11-19,2021-11-27,8,-5.2,0.8,-2.8,2.8,-8.3,-2.8,-9.5,6.8,-15.8,4.2,3,0.6,0.0,7.3
2021-11-19,2021-11-28,9,-3.7,1.8,-1.5,3.5,-8.4,-1.4,-8.8,6.5,-14.7,1.6,3,4.7,0.1,13.0
2021-11-19,2021-11-29,10,-3.3,0.5,-1.7,2.8,-7.7,-1.7,-9.5,5.5,-14.8,1.7,3,13.6,0.1,13.6
2021-11-19,2021-11-30,11,-5.7,-1.0,-3.3,1.3,-9.2,-3.0,-11.0,5.7,-16.5,2.7,3,0.0,0.0,7.3
2021-11-19,2021-12-01,12,-6.5,0.0,-3.0,2.0,-11.5,-4.2,-10.5,6.2,-17.5,1.5,3,0.0,0.0,8.4
2021-11-19,2021-12-02,13,-4.5,0.7,-2.0,3.0,-7.5,-1.7,-10.0,7.3,-15.8,3.2,3,0.0,0.0,5.8
2021-11-19,2021-12-03,14,-4.7,0.8,-1.5,3.2,-7.7,-1.7,-7.8,8.2,-15.5,3.0,3,0.0,0.0,4.9
2022-05-09,2022-05-09,0,1.5,11.8,11.8,12.0,1.5,1.8,11.5,12.4,0.8,2.2,1,0.3,0.1,0.5
2022-05-09,2022-05-10,1,4.3,12.8,12.5,13.2,4.0,4.7,11.8,13.8,3.7,5.2,1,0.0,0.0,1.0
2022-05-09,2022-05-11,2,8.0,12.8,12.3,13.2,7.7,8.3,11.0,14.2,6.7,8.7,2,5.5,3.0,8.4
2022-05-09,2022-05-12,3,7.0,12.3,11.7,13.0,6.7,7.3,10.0,14.5,6.0,7.8,2,6.0,0.9,7.7
2022-05-09,2022-05-13,4,5.2,15.3,14.2,16.0,4.8,5.5,11.2,17.3,3.5,7.3,3,0.5,0.1,3.2
2022-05-09,2022-05-14,5,4.8,13.2,12.5,14.8,3.8,5.5,9.5,16.7,1.5,6.7,3,4.3,0.1,4.5
2022-05-09,2022-05-15,6,5.8,14.3,12.7,15.5,4.8,6.5,9.7,18.2,3.5,8.2,3,0.9,0.0,4.1
2022-05-09,2022-05-16,7,5.7,14.0,12.3,15.2,4.7,6.7,7.7,18.7,1.3,9.7,3,0.2,0.0,1.9
2022-05-09,2022-05-17,8,4.5,13.2,11.2,15.0,3.2,5.6,6.5,20.5,0.5,8.0,3,0.0,0.0,1.3
2022-05-09,2022-05-18,9,4.0,13.2,11.5,15.0,2.5,5.0,7.3,21.2,0.7,8.0,3,0.0,0.0,1.2
2022-05-09,2022-05-19,10,3.9,14.8,13.0,17.0,2.6,5.5,9.3,21.4,0.2,7.6,3,0.5,0.0,1.8
2022-05-09,2022-05-20,11,6.6,17.0,14.7,19.3,4.6,7.6,9.3,23.3,1.2,10.4,3,0.0,0.0,1.5
2022-05-09,2022-05-21,12,7.4,16.0,12.7,18.8,5.6,8.9,7.3,24.2,1.5,10.9,3,0.0,0.0,7.8
2022-05-09,2022-05-22,13,7.8,15.7,13.3,18.5,6.2,8.9,10.3,23.2,1.5,12.2,3,0.0,0.0,6.7
2022-05-09,2022-05-23,14,7.2,15.3,13.7,17.7,6.0,8.2,9.2,23.8,3.3,11.4,3,0.0,0.0,4.2
2022-06-27,2022-06-27,0,17.5,31.0,30.3,31.3,17.1,17.8,29.8,32.3,16.2,19.2,1,0.0,0.0,0.2
2022-06-27,2022-06-28,1,17.6,28.4,27.2,29.4,17.4,18.1,25.0,30.6,16.1,18.6,2,0.0,0.0,2.3
2022-06-27,2022-06-29,2,17.0,26.6,25.9,27.1,15.8,17.5,24.1,28.3,14.4,18.6,2,2.4,0.0,3.3
2022-06-27,2022-06-30,3,16.0,27.5,26.7,28.0,15.1,16.6,23.6,29.0,12.5,18.4,2,0.0,0.0,0.0
2022-06-27,2022-07-01,4,16.5,29.6,28.6,30.4,15.1,17.1,26.5,32.2,11.6,18.8,2,0.0,0.0,0.0
2022-06-27,2022-07-02,5,17.1,31.5,30.3,32.1,16.0,17.9,27.8,33.7,13.8,19.8,2,0.0,0.0,0.8
2022-06-27,2022-07-03,6,17.2,30.7,28.5,32.1,15.9,18.1,23.8,33.6,14.1,20.2,3,0.0,0.0,1.8
2022-06-27,2022-07-04,7,16.2,28.5,26.7,30.7,15.0,17.9,23.0,34.0,13.0,20.2,3,0.0,0.0,1.7
2022-06-27,2022-07-05,8,15.1,26.2,24.9,28.5,14.4,16.1,20.6,32.7,11.9,19.4,3,4.5,0.0,5.7
2022-06-27,2022-07-06,9,14.8,25.1,23.9,26.6,14.1,15.5,21.8,32.2,11.2,18.4,3,5.3,0.0,5.8
2022-06-27,2022-07-07,10,14.5,25.0,23.7,26.0,13.5,15.5,22.0,33.6,11.4,19.9,3,10.5,0.0,10.5
2022-06-27,2022-07-08,11,14.2,24.4,23.0,25.7,13.2,15.2,20.3,33.6,11.4,19.2,3,0.0,0.0,8.5
2022-06-27,2022-07-09,12,13.8,24.6,23.6,26.4,12.8,14.8,20.5,31.7,10.2,18.8,3,0.0,0.0,6.5
2022-06-27,2022-07-10,13,13.6,24.7,23.4,26.0,12.6,14.7,19.4,32.7,10.1,19.4,3,0.0,0.0,8.5
2022-06-27,2022-07-11,14,13.6,24.7,23.4,26.0,12.6,14.7,19.4,32.7,10.1,19.4,3,0.0,0.0,8.5
2022-07-05,2022-07-05,0,15.6,23.4,23.1,23.6,15.1,15.9,22.6,24.4,14.4,16.2,1,0.1,0.1,1.5
2022-07-05,2022-07-06,1,13.4,21.9,21.4,22.4,12.9,13.9,19.9,23.4,11.5,14.6,2,0.9,0.2,1.1
2022-07-05,2022-07-07,2,12.2,23.1,22.6,23.6,12.0,13.1,20.9,24.2,11.2,14.5,2,0.3,0.1,2.6
2022-07-05,2022-07-08,3,12.9,23.1,22.6,23.8,12.4,13.2,16.6,24.8,10.6,14.6,3,0.0,0.0,2.6
2022-07-05,2022-07-09,4,12.5,22.1,21.4,22.6,12.0,13.1,19.4,24.4,11.0,15.4,2,0.5,0.0,4.8
2022-07-05,2022-07-10,5,13.1,22.6,21.3,23.4,12.6,13.6,18.9,25.1,10.9,15.6,3,1.9,0.1,7.5
2022-07-05,2022-07-11,6,12.8,23.6,22.5,24.9,12.0,14.0,18.5,27.5,10.6,16.0,3,0.0,0.0,7.1
2022-07-05,2022-07-12,7,13.5,25.9,23.6,27.0,12.5,15.5,18.5,31.5,11.0,18.5,3,7.9,0.0,8.8
2022-07-05,2022-07-13,8,14.1,24.8,22.4,27.3,13.4,15.4,18.9,30.8,11.6,19.2,3,0.4,0.0,9.0
2022-07-05,2022-07-14,9,13.4,22.9,21.2,24.5,12.4,14.4,13.8,31.4,10.9,19.1,3,0.0,0.0,7.1
2022-07-05,2022-07-15,10,12.6,22.4,20.9,23.6,11.4,13.6,16.8,29.8,9.8,17.4,3,0.1,0.0,3.9
2022-07-05,2022-07-16,11,12.0,22.1,20.9,23.9,11.0,13.1,16.2,29.3,9.5,17.9,3,0.0,0.0,7.3
2022-07-05,2022-07-17,12,12.1,22.5,21.0,23.6,10.9,13.4,17.0,28.0,8.9,18.0,3,0.0,0.0,6.3
2022-07-05,2022-07-18,13,12.4,22.8,21.5,24.5,11.1,13.6,19.3,30.2,9.5,19.0,3,0.0,0.0,2.3
2022-07-05,2022-07-19,14,12.7,23.8,21.9,25.5,11.1,14.5,17.5,30.8,8.9,19.0,3,0.0,0.0,2.2
2023-02-09,2023-02-09,0,0.7,4.0,4.0,4.0,0.7,0.7,3.5,4.5,0.2,1.2,1,0.2,0.2,1.3
2023-02-09,2023-02-10,1,-3.8,3.5,3.0,3.5,-4.3,-3.3,2.5,4.0,-6.0,-1.8,1,3.6,1.9,4.8
2023-02-09,2023-02-11,2,-6.8,1.0,0.5,1.5,-8.0,-5.8,-0.5,5.5,-12.2,-2.0,2,0.4,0.0,4.9
2023-02-09,2023-02-12,3,-6.3,4.5,4.0,5.5,-7.3,-5.3,1.0,7.5,-12.5,-2.0,3,0.0,0.0,0.4
2023-02-09,2023-02-13,4,0.2,6.5,6.0,7.2,-0.8,1.2,4.5,9.0,-2.8,2.2,2,0.0,0.0,0.1
2023-02-09,2023-02-14,5,-2.5,3.5,2.5,4.5,-4.0,-2.0,1.0,8.0,-6.3,0.8,3,0.2,0.0,0.4
2023-02-09,2023-02-15,6,-3.0,4.0,3.0,5.2,-4.8,-1.5,2.0,8.2,-8.5,1.5,3,0.2,0.0,0.6
2023-02-09,2023-02-16,7,-0.8,4.0,3.0,5.0,-2.2,0.2,-0.5,7.5,-7.4,1.2,3,0.1,0.0,0.6
2023-02-09,2023-02-17,8,-0.8,5.0,4.0,5.5,-1.8,0.2,1.8,8.0,-7.3,2.5,3,0.3,0.0,0.7
2023-02-09,2023-02-18,9,-0.3,4.5,3.5,5.5,-1.7,0.7,-1.0,9.2,-10.5,1.7,3,4.1,0.0,4.1
2023-02-09,2023-02-19,10,-0.8,4.2,3.2,4.7,-3.8,0.2,-0.3,6.5,-10.8,2.2,3,0.1,0.0,2.8
2023-02-09,2023-02-20,11,-1.8,4.0,2.5,5.5,-5.8,0.5,-6.0,8.3,-12.3,2.2,3,0.0,0.0,6.9
2023-02-09,2023-02-21,12,-1.8,4.5,2.0,6.0,-5.8,0.7,-8.0,10.3,-13.8,2.8,3,0.0,0.0,5.1
2023-02-09,2023-02-22,13,-2.0,4.5,2.2,5.5,-5.0,0.0,-7.5,9.7,-16.3,2.6,3,0.0,0.0,3.2
2023-02-09,2023-02-23,14,-2.0,4.5,2.2,5.5,-5.0,0.0,-7.5,9.7,-16.3,2.6,3,0.0,0.0,3.2
2023-04-01,2023-04-01,0,-6.3,4.7,4.2,5.2,-6.7,-6.0,2.7,5.7,-7.0,-5.3,1,0.0,0.0,0.0
2023-04-01,2023-04-02,1,-4.8,3.0,2.5,3.5,-5.2,-4.5,1.0,4.0,-5.5,-3.8,1,0.0,0.0,0.0
2023-04-01,2023-04-03,2,-7.0,2.7,1.7,3.2,-7.9,-5.7,0.7,3.7,-11.3,-3.7,1,0.0,0.0,0.3
2023-04-01,2023-04-04,3,-6.3,4.0,3.2,4.8,-7.3,-4.7,-1.5,6.0,-11.0,0.5,3,0.0,0.0,3.7
2023-04-01,2023-04-05,4,-3.7,5.0,4.0,6.5,-5.3,-1.2,0.5,8.0,-10.3,1.3,3,0.0,0.0,1.8
2023-04-01,2023-04-06,5,-0.7,6.0,5.0,7.0,-3.2,1.0,3.0,11.0,-7.2,3.3,3,0.1,0.0,7.8
2023-04-01,2023-04-07,6,-1.4,7.2,5.2,9.7,-4.0,0.0,3.0,12.3,-6.9,3.0,3,1.7,0.0,1.9
2023-04-01,2023-04-08,7,-1.0,9.1,6.6,10.5,-2.7,0.3,3.0,14.3,-7.0,2.3,3,0.6,0.0,1.8
2023-04-01,2023-04-09,8,-0.7,9.6,7.3,11.1,-2.4,0.3,3.7,14.5,-5.5,3.3,3,0.0,0.0,2.0
2023-04-01,2023-04-10,9,-2.4,9.0,7.3,10.0,-4.2,-1.2,4.5,14.8,-6.7,2.2,3,0.0,0.0,1.2
2023-04-01,2023-04-11,10,-2.4,8.5,5.6,9.5,-4.7,-1.0,2.5,13.0,-8.7,1.2,3,0.0,0.0,1.1
2023-04-01,2023-04-12,11,-2.4,8.3,6.0,10.0,-5.2,-1.4,1.3,13.0,-8.7,2.9,3,0.0,0.0,0.8
2023-04-01,2023-04-13,12,-2.4,7.8,6.5,10.1,-4.4,-1.7,1.5,13.5,-10.2,4.7,3,0.0,0.0,0.6
2023-04-01,2023-04-14,13,-2.4,7.8,5.5,9.8,-4.0,-1.4,1.1,13.3,-11.2,3.2,3,0.0,0.0,1.6
2023-04-01,2023-04-15,14,-2.4,7.8,5.5,9.8,-4.0,-1.4,1.1,13.3,-11.2,3.2,3,0.0,0.0,1.6
2023-05-12,2023-05-12,0,5.5,21.5,21.4,21.5,5.2,5.8,20.8,22.2,4.8,6.2,1,0.0,0.0,0.0
2023-05-12,2023-05-13,1,6.2,22.0,21.7,22.4,5.8,6.5,20.8,23.0,5.5,7.5,1,0.0,0.0,0.0
2023-05-12,2023-05-14,2,6.7,21.7,21.0,22.0,6.0,7.3,19.4,23.0,3.7,8.0,2,0.0,0.0,0.1
2023-05-12,2023-05-15,3,6.0,20.5,20.0,21.0,5.3,6.8,17.9,22.4,3.8,8.3,2,0.0,0.0,0.0
2023-05-12,2023-05-16,4,9.0,19.2,17.0,20.5,8.2,9.8,14.5,23.0,3.3,11.3,3,0.0,0.0,15.6
2023-05-12,2023-05-17,5,8.8,17.2,16.2,18.5,7.2,10.5,12.8,21.4,4.3,12.4,3,3.5,0.1,10.2
2023-05-12,2023-05-18,6,5.2,17.8,16.2,19.7,2.8,7.8,12.0,23.9,0.8,10.7,3,0.3,0.0,8.0
2023-05-12,2023-05-19,7,3.0,18.8,16.8,20.8,1.3,5.5,13.7,23.8,-1.0,10.2,3,0.1,0.0,6.5
2023-05-12,2023-05-20,8,5.6,19.7,17.8,22.2,3.3,7.0,11.8,25.4,0.3,10.5,3,0.0,0.0,4.4
2023-05-12,2023-05-21,9,6.5,20.4,18.8,22.9,4.7,8.4,15.4,25.7,1.8,10.9,3,0.0,0.0,3.8
2023-05-12,2023-05-22,10,6.9,23.5,20.8,25.0,5.6,8.1,17.8,28.5,3.2,10.5,3,0.0,0.0,2.3
2023-05-12,2023-05-23,11,8.4,24.5,21.8,25.5,6.5,9.5,17.8,28.8,3.2,11.5,3,0.0,0.0,3.1
2023-05-12,2023-05-24,12,9.4,24.7,22.3,25.8,8.2,10.4,16.8,28.3,4.2,12.8,3,0.0,0.0,3.6
2023-05-12,2023-05-25,13,8.8,24.8,22.8,26.5,7.2,9.9,17.0,29.0,2.7,12.8,3,0.0,0.0,5.1
2023-05-12,2023-05-26,14,10.1,24.5,22.3,26.0,8.0,11.2,17.3,29.0,3.8,13.8,3,0.0,0.0,2.9
2023-09-27,2023-09-27,0,11.5,16.8,16.5,17.2,11.2,11.8,16.2,17.6,10.3,12.6,1,1.7,0.5,2.4
2023-09-27,2023-09-28,1,11.8,18.2,17.8,18.5,11.2,12.6,17.2,19.2,9.5,14.5,1,0.8,0.0,1.4
2023-09-27,2023-09-29,2,12.3,17.8,17.5,18.0,12.0,12.8,16.7,18.5,11.3,13.8,1,2.7,0.2,4.1
2023-09-27,2023-09-30,3,9.2,16.3,16.0,16.7,8.8,9.5,15.3,17.7,7.8,10.5,1,0.2,0.0,1.1
2023-09-27,2023-10-01,4,6.5,14.7,13.7,15.0,5.7,7.2,12.0,16.0,3.2,9.2,2,0.1,0.0,0.4
2023-09-27,2023-10-02,5,5.5,14.0,13.0,14.7,4.2,6.2,12.0,16.7,2.2,11.5,2,4.5,0.1,12.7
2023-09-27,2023-10-03,6,7.2,14.2,12.8,14.8,6.2,8.2,10.0,15.8,0.5,11.0,2,0.9,0.2,15.8
2023-09-27,2023-10-04,7,4.8,12.7,11.3,13.8,3.8,6.2,7.5,15.2,-0.2,9.0,3,0.0,0.0,3.7
2023-09-27,2023-10-05,8,3.2,11.0,9.0,12.3,1.0,4.5,6.0,15.3,-1.0,9.6,3,0.1,0.0,3.9
2023-09-27,2023-10-06,9,3.8,11.0,9.7,13.0,2.5,6.0,7.5,14.7,-3.2,9.6,3,3.3,0.0,11.7
2023-09-27,2023-10-07,10,4.0,11.0,8.7,13.0,2.0,6.3,5.8,15.7,0.3,10.6,3,4.4,0.0,9.7
2023-09-27,2023-10-08,11,4.3,11.3,9.0,14.0,1.5,7.2,5.5,17.0,-0.7,11.0,3,0.0,0.0,15.2
2023-09-27,2023-10-09,12,4.3,10.8,8.2,13.8,1.8,7.2,5.5,17.3,-0.9,11.2,3,0.0,0.0,12.1
2023-09-27,2023-10-10,13,4.6,11.7,8.8,13.7,2.3,6.9,6.0,17.5,-1.7,11.7,3,0.0,0.0,11.1
2023-09-27,2023-10-11,14,4.6,11.7,8.8,13.7,2.3,6.9,6.0,17.5,-1.7,11.7,3,0.0,0.0,11.1
2023-10-29,2023-10-29,0,-2.8,1.3,0.6,2.3,-3.2,-2.5,0.2,3.0,-4.0,-1.8,1,0.1,0.1,0.8
2023-10-29,2023-10-30,1,0.2,3.0,2.6,3.3,-0.5,0.5,1.8,4.6,-2.8,1.8,1,3.1,1.0,7.1
2023-10-29,2023-10-31,2,-0.2,5.2,3.2,8.3,-1.0,0.5,0.8,10.3,-3.2,2.8,3,14.0,3.5,19.7
2023-10-29,2023-11-01,3,-1.8,2.8,0.5,5.0,-3.5,-0.7,-1.2,7.3,-6.8,2.8,3,2.1,0.1,15.2
2023-10-29,2023-11-02,4,-3.0,1.0,-0.4,3.2,-5.0,-1.7,-2.8,7.6,-8.7,2.7,3,0.1,0.0,1.7
2023-10-29,2023-11-03,5,-0.7,6.5,4.3,8.2,-3.3,1.3,1.2,11.2,-9.0,7.3,3,0.6,0.0,6.0
2023-10-29,2023-11-04,6,4.8,9.8,8.2,10.8,3.3,6.5,1.7,12.8,-3.2,9.0,3,7.5,2.4,17.0
2023-10-29,2023-11-05,7,6.8,10.2,9.2,10.6,5.0,7.5,1.7,12.2,-1.0,8.8,3,0.9,0.5,12.5
2023-10-29,2023-11-06,8,7.6,10.2,9.2,10.8,5.5,8.0,-0.3,12.2,-4.0,9.3,3,10.1,1.6,13.1
2023-10-29,2023-11-07,9,6.2,9.2,8.2,9.8,3.5,7.2,-3.3,12.8,-8.0,9.8,3,1.8,0.3,7.9
2023-10-29,2023-11-08,10,3.8,6.8,5.2,7.5,1.0,5.2,-1.5,9.8,-8.4,7.2,3,1.4,0.0,4.6
2023-10-29,2023-11-09,11,2.2,5.8,3.7,6.8,-0.5,4.2,-5.8,8.8,-9.3,6.4,3,0.0,0.0,5.4
2023-10-29,2023-11-10,12,1.5,5.5,3.5,6.8,-0.5,3.2,-6.8,9.2,-10.3,5.6,3,0.0,0.0,5.6
2023-10-29,2023-11-11,13,0.8,4.8,2.7,6.0,-0.8,2.8,-4.3,9.0,-9.8,6.4,3,0.0,0.0,6.4
2023-10-29,2023-11-12,14,0.5,4.2,1.6,6.3,-1.4,2.8,-1.3,9.2,-6.8,6.4,3,0.0,0.0,11.0
2023-10-30,2023-10-30,0,-2.5,1.5,1.2,1.8,-2.8,-1.7,0.5,2.2,-4.2,-0.7,1,0.9,0.5,1.7
2023-10-30,2023-10-31,1,-0.8,5.2,4.5,6.2,-1.5,0.2,1.8,7.8,-2.7,1.2,2,12.7,9.7,21.6
2023-10-30,2023-11-01,2,0.3,4.6,1.8,6.3,-1.2,0.8,-0.7,8.6,-4.0,2.3,3,2.8,0.8,5.0
2023-10-30,2023-11-02,3,-1.8,1.2,0.0,2.2,-3.2,-1.0,-2.5,4.2,-7.0,0.2,3,0.3,0.0,1.6
2023-10-30,2023-11-03,4,-0.2,6.2,4.2,6.8,-1.5,0.8,1.2,9.2,-5.0,5.2,3,2.1,0.1,8.6
2023-10-30,2023-11-04,5,4.5,7.8,6.8,8.8,3.0,5.6,2.2,10.8,-1.2,7.3,3,7.5,2.6,24.0
2023-10-30,2023-11-05,6,4.8,7.7,6.7,8.3,3.2,5.6,0.7,9.2,-5.2,7.2,3,0.4,0.4,10.8
2023-10-30,2023-11-06,7,5.2,7.5,6.0,8.2,2.2,6.5,-1.0,9.3,-7.3,7.7,3,6.7,1.3,15.5
2023-10-30,2023-11-07,8,1.8,8.0,4.5,9.0,-0.5,4.5,-0.5,10.3,-8.2,6.5,3,6.0,0.1,9.3
2023-10-30,2023-11-08,9,-0.2,4.3,1.2,6.5,-3.2,3.0,-4.5,8.3,-10.2,6.0,3,4.4,0.0,4.8
2023-10-30,2023-11-09,10,-1.7,3.2,-0.7,5.2,-5.0,0.3,-4.3,7.2,-10.2,4.2,3,1.4,0.0,6.5
2023-10-30,2023-11-10,11,-2.4,2.2,0.2,4.8,-4.7,0.3,-6.8,6.5,-11.0,3.7,3,0.0,0.0,4.2
2023-10-30,2023-11-11,12,-2.5,2.2,0.0,4.2,-4.5,0.2,-3.5,7.2,-9.7,3.8,3,0.0,0.0,6.0
2023-10-30,2023-11-12,13,-2.8,1.8,0.2,3.8,-4.4,-0.8,-2.8,6.8,-7.4,4.1,3,0.0,0.0,4.3
2023-10-30,2023-11-13,14,-1.8,2.2,0.2,3.5,-3.8,0.2,-4.8,8.2,-9.3,5.8,3,0.0,0.0,9.1
2024-03-09,2024-03-09,0,-8.4,-1.8,-2.3,-1.3,-9.0,-8.0,-3.8,-0.8,-12.2,-5.9,1,0.0,0.0,0.3
2024-03-09,2024-03-10,1,-12.3,-0.2,-0.5,0.2,-13.0,-11.7,-1.0,1.3,-14.2,-9.3,1,0.0,0.0,0.0
2024-03-09,2024-03-11,2,-12.5,-1.2,-1.5,-0.8,-14.7,-11.0,-2.3,0.4,-16.7,-7.0,1,0.0,0.0,0.0
2024-03-09,2024-03-12,3,-8.7,-0.7,-1.0,-0.3,-10.0,-7.4,-2.7,0.0,-12.8,-5.4,1,0.0,0.0,0.0
2024-03-09,2024-03-13,4,-8.7,0.5,0.0,1.0,-10.7,-6.8,-1.8,2.3,-14.0,-2.3,2,0.0,0.0,1.2
2024-03-09,2024-03-14,5,-5.5,2.0,1.0,2.7,-9.7,-1.8,-1.3,4.0,-13.7,0.8,2,1.2,0.0,5.5
2024-03-09,2024-03-15,6,-3.0,2.5,1.5,3.3,-8.5,-0.8,-3.0,4.7,-16.7,0.8,3,0.0,0.0,3.7
2024-03-09,2024-03-16,7,-2.8,3.0,1.5,4.0,-8.2,-0.5,-1.8,5.3,-15.0,0.8,3,3.2,0.0,4.9
2024-03-09,2024-03-17,8,-2.5,2.8,0.5,3.5,-9.3,0.5,-5.2,5.0,-15.0,1.8,3,5.0,0.0,5.0
2024-03-09,2024-03-18,9,-5.2,1.5,-0.5,3.0,-9.3,-1.5,-5.5,6.0,-16.5,0.0,3,0.8,0.0,3.6
2024-03-09,2024-03-19,10,-7.3,1.5,-1.0,3.0,-11.0,-3.0,-4.5,5.3,-15.8,0.0,3,0.0,0.0,3.9
2024-03-09,2024-03-20,11,-6.2,1.7,0.2,3.7,-11.3,-3.5,-4.3,7.3,-16.3,-1.2,3,0.0,0.0,3.3
2024-03-09,2024-03-21,12,-5.8,2.5,0.5,3.7,-9.4,-3.5,-3.5,7.0,-16.3,-1.2,3,0.0,0.0,3.8
2024-03-09,2024-03-22,13,-5.5,2.3,0.5,3.7,-8.5,-3.3,-3.8,7.8,-14.3,2.2,3,0.0,0.0,7.3
2024-03-09,2024-03-23,14,-5.5,2.3,0.5,3.7,-8.5,-3.3,-3.8,7.8,-14.3,2.2,3,0.0,0.0,7.3
2024-04-07,2024-04-07,0,-5.7,6.7,6.3,7.0,-6.4,-4.9,5.3,8.3,-8.0,-3.2,2,1.5,0.8,2.4
2024-04-07,2024-04-08,1,1.8,10.8,10.2,11.2,0.8,2.2,9.5,12.5,-0.8,3.5,1,0.0,0.0,0.8
2024-04-07,2024-04-09,2,0.7,10.2,9.4,11.5,0.0,1.3,6.4,12.5,-1.0,3.0,3,0.0,0.0,0.0
2024-04-07,2024-04-10,3,3.5,12.8,10.8,14.4,2.4,4.2,8.8,17.7,-0.2,5.5,3,1.2,0.2,11.6
2024-04-07,2024-04-11,4,2.3,9.7,8.7,10.7,1.3,3.3,5.3,12.7,-2.3,4.3,3,3.0,0.0,4.3
2024-04-07,2024-04-12,5,1.3,9.7,8.0,10.7,0.0,2.2,4.3,13.2,-3.0,4.2,3,1.7,0.0,4.3
2024-04-07,2024-04-13,6,-0.7,8.7,7.7,10.0,-2.2,0.5,4.0,13.2,-4.7,2.3,3,1.1,0.0,4.2
2024-04-07,2024-04-14,7,1.7,8.7,7.7,10.0,-0.3,3.0,4.7,11.7,-3.3,5.3,3,10.7,0.3,12.7
2024-04-07,2024-04-15,8,0.2,7.7,6.7,8.5,-1.7,1.5,4.0,12.4,-4.5,4.0,3,0.5,0.0,5.4
2024-04-07,2024-04-16,9,-0.7,6.8,5.5,7.8,-1.7,0.3,4.0,12.0,-4.7,2.3,3,2.3,0.0,2.8
2024-04-07,2024-04-17,10,-1.0,7.0,5.5,8.7,-2.0,0.0,2.8,12.0,-3.8,3.0,3,0.6,0.0,5.1
2024-04-07,2024-04-18,11,-1.2,7.2,5.8,9.4,-2.5,0.5,2.8,15.0,-4.5,4.2,3,0.0,0.0,4.1
2024-04-07,2024-04-19,12,-1.0,7.4,5.8,9.4,-2.7,0.3,2.7,15.9,-4.3,3.9,3,0.0,0.0,4.6
2024-04-07,2024-04-20,13,-0.2,8.2,7.2,10.7,-2.2,1.8,4.5,17.8,-4.2,5.1,3,0.0,0.0,4.0
2024-04-07,2024-04-21,14,-0.2,8.2,7.2,10.7,-2.2,1.8,4.5,17.8,-4.2,5.1,3,0.0,0.0,4.0
2024-05-16,2024-05-16,0,11.2,25.0,24.7,25.3,10.8,11.2,24.2,25.7,10.5,11.5,1,0.0,0.0,0.0
2024-05-16,2024-05-17,1,9.7,24.8,22.8,26.0,9.4,10.0,19.0,27.3,8.0,12.4,3,0.0,0.0,0.0
2024-05-16,2024-05-18,2,8.7,20.0,19.7,20.7,8.3,9.0,18.7,21.7,7.2,10.7,1,0.0,0.0,0.0
2024-05-16,2024-05-19,3,9.0,22.5,21.8,22.8,8.3,10.0,20.8,24.2,7.5,11.5,2,0.1,0.0,2.3
2024-05-16,2024-05-20,4,10.0,21.2,19.8,22.0,8.7,10.7,16.0,23.5,4.7,12.0,3,1.3,0.0,4.5
2024-05-16,2024-05-21,5,8.3,19.0,17.2,22.0,6.3,9.8,14.3,24.0,3.7,12.5,3,0.0,0.0,0.4
2024-05-16,2024-05-22,6,7.6,19.5,16.2,22.5,4.2,9.6,13.2,25.4,1.2,11.5,3,0.0,0.0,0.4
2024-05-16,2024-05-23,7,9.2,20.7,17.2,23.7,5.7,12.0,13.7,26.5,2.3,15.0,3,0.0,0.0,6.0
2024-05-16,2024-05-24,8,7.8,19.2,16.5,22.8,5.5,9.2,12.7,27.7,2.5,13.8,3,0.0,0.0,8.5
2024-05-16,2024-05-25,9,7.2,19.5,16.7,23.5,6.0,9.7,11.7,28.0,2.5,13.9,3,2.4,0.0,2.4
2024-05-16,2024-05-26,10,8.6,21.2,18.8,23.8,6.6,10.1,13.8,28.2,3.8,14.6,3,0.6,0.0,4.6
2024-05-16,2024-05-27,11,9.1,21.2,18.8,23.5,7.6,10.6,14.5,28.8,3.8,15.5,3,0.0,0.0,6.2
2024-05-16,2024-05-28,12,9.2,21.5,18.8,23.2,7.6,10.5,11.7,27.4,4.5,14.6,3,0.0,0.0,8.4
2024-05-16,2024-05-29,13,9.2,20.8,17.8,23.4,7.4,10.7,13.8,28.7,4.3,14.5,3,0.0,0.0,5.3
2024-05-16,2024-05-30,14,8.7,21.0,19.0,23.3,7.0,10.0,15.3,28.5,3.7,13.7,3,0.0,0.0,3.4
2024-05-28,2024-05-28,0,12.5,27.0,26.7,27.3,12.2,12.8,25.8,28.8,11.8,14.2,1,0.0,0.0,0.0
2024-05-28,2024-05-29,1,12.1,26.7,26.2,27.0,11.9,12.6,25.5,28.3,11.0,13.9,1,0.2,0.0,0.5
2024-05-28,2024-05-30,2,12.9,25.7,25.0,26.0,12.6,13.1,22.5,27.8,12.0,14.6,2,0.1,0.0,1.2
2024-05-28,2024-05-31,3,14.2,26.5,26.0,27.2,13.8,14.5,24.4,28.0,11.9,15.6,2,0.0,0.0,0.4
2024-05-28,2024-06-01,4,14.9,27.2,26.7,27.7,14.1,15.2,24.0,28.8,12.5,16.4,2,0.2,0.0,1.2
2024-05-28,2024-06-02,5,14.6,27.2,26.0,28.2,13.9,15.1,23.0,29.8,9.8,16.7,3,10.1,0.2,10.1
2024-05-28,2024-06-03,6,14.4,26.5,24.8,27.5,12.6,15.1,19.5,30.2,8.8,16.9,3,0.0,0.0,7.3
2024-05-28,2024-06-04,7,12.6,24.7,21.8,26.7,10.1,14.0,18.2,29.8,7.8,16.9,3,0.1,0.0,2.6
2024-05-28,2024-06-05,8,11.1,22.7,20.0,25.2,9.4,12.5,13.7,29.9,5.2,16.1,3,0.1,0.0,4.0
2024-05-28,2024-06-06,9,9.8,20.0,17.0,22.3,7.8,11.0,12.7,30.5,4.2,14.6,3,16.3,0.0,16.3
2024-05-28,2024-06-07,10,8.5,21.0,18.7,24.0,7.2,10.8,15.7,29.8,4.1,14.2,3,0.6,0.0,7.8
2024-05-28,2024-06-08,11,8.5,21.0,19.3,23.2,6.8,10.5,17.0,28.4,4.4,14.0,3,0.0,0.0,7.3
2024-05-28,2024-06-09,12,8.8,21.3,19.7,23.7,7.8,10.6,16.5,30.4,4.9,16.8,3,0.0,0.0,5.2
2024-05-28,2024-06-10,13,8.8,22.0,20.3,23.8,7.5,10.2,17.3,30.4,4.4,16.0,3,0.0,0.0,6.8
2024-05-28,2024-06-11,14,8.8,22.0,20.3,23.8,7.5,10.2,17.3,30.4,4.4,16.0,3,0.0,0.0,6.8
2024-07-17,2024-07-17,0,16.5,23.9,23.0,24.4,16.1,16.8,21.9,25.9,15.0,17.1,2,2.4,2.4,21.7
2024-07-17,2024-07-18,1,16.0,22.8,22.5,23.0,15.8,16.2,21.8,24.0,15.0,16.6,1,0.6,0.4,5.7
2024-07-17,2024-07-19,2,15.5,23.9,23.4,24.4,15.3,15.7,22.4,25.5,13.8,16.2,2,3.5,2.1,8.8
2024-07-17,2024-07-20,3,15.1,25.1,24.4,25.6,14.7,15.3,22.2,26.8,14.0,16.2,2,0.8,0.7,5.6
2024-07-17,2024-07-21,4,15.4,25.1,24.1,25.9,14.9,15.8,22.2,28.2,12.4,16.4,2,1.1,0.0,3.4
2024-07-17,2024-07-22,5,15.6,25.1,24.2,25.6,14.5,16.1,22.2,27.4,11.6,16.9,2,8.3,0.0,8.3
2024-07-17,2024-07-23,6,16.1,24.8,23.8,25.8,15.1,16.9,22.0,26.9,11.9,18.3,2,0.1,0.0,3.2
2024-07-17,2024-07-24,7,15.6,24.5,23.4,25.8,14.6,16.8,20.8,28.0,12.0,18.9,3,0.0,0.0,6.9
2024-07-17,2024-07-25,8,14.5,24.1,22.8,24.9,13.5,15.9,20.4,27.6,10.9,18.2,3,3.5,0.0,7.7
2024-07-17,2024-07-26,9,14.9,22.6,21.6,23.2,14.1,15.6,17.1,26.7,8.6,17.4,3,0.5,0.0,9.9
2024-07-17,2024-07-27,10,15.4,23.4,22.5,24.1,14.9,16.1,19.8,28.1,11.6,17.8,3,0.1,0.0,12.0
2024-07-17,2024-07-28,11,15.6,23.4,22.4,24.1,14.9,16.4,20.8,27.5,13.0,18.3,3,0.0,0.0,11.1
2024-07-17,2024-07-29,12,15.5,23.4,22.1,24.4,14.6,16.1,19.5,27.1,13.0,18.0,3,0.0,0.0,8.4
2024-07-17,2024-07-30,13,15.1,23.4,22.2,24.4,14.1,16.3,17.8,27.4,12.5,17.9,3,0.0,0.0,10.0
2024-07-17,2024-07-31,14,15.1,23.4,22.2,24.4,14.1,16.3,17.8,27.4,12.5,17.9,3,0.0,0.0,10.0
2024-08-24,2024-08-24,0,13.8,20.4,20.1,20.6,13.5,14.0,19.1,20.9,12.8,14.9,1,0.7,0.1,0.8
2024-08-24,2024-08-25,1,14.1,25.6,25.4,25.8,13.6,14.4,24.7,26.2,12.9,14.9,1,0.7,0.0,2.3
2024-08-24,2024-08-26,2,13.4,20.0,19.7,20.3,13.1,13.5,19.0,21.0,12.4,14.1,1,0.0,0.0,0.0
2024-08-24,2024-08-27,3,12.9,21.0,20.7,21.3,11.9,13.6,20.3,22.0,9.9,14.9,1,1.0,0.1,1.0
2024-08-24,2024-08-28,4,10.9,21.7,21.0,22.0,9.4,12.1,19.3,22.8,7.5,13.4,2,0.0,0.0,0.0
2024-08-24,2024-08-29,5,11.2,21.7,21.0,22.0,10.0,11.9,19.7,23.8,7.8,14.9,2,0.0,0.0,0.0
2024-08-24,2024-08-30,6,12.5,23.0,22.3,24.3,11.8,13.2,20.7,26.1,9.7,14.9,2,0.0,0.0,2.0
2024-08-24,2024-08-31,7,15.6,23.7,22.0,24.7,13.3,16.4,19.7,26.5,9.7,17.9,3,0.2,0.0,6.0
2024-08-24,2024-09-01,8,13.6,22.2,20.8,24.2,11.8,16.4,16.7,25.8,9.0,18.4,3,4.1,0.0,5.2
2024-08-24,2024-09-02,9,12.0,21.5,19.8,23.5,10.0,14.5,16.0,27.0,7.2,17.2,3,4.4,0.0,6.6
2024-08-24,2024-09-03,10,13.1,22.0,21.0,24.0,11.8,14.6,19.0,26.9,9.5,17.1,3,5.4,0.0,5.4
2024-08-24,2024-09-04,11,12.6,21.5,20.5,22.8,10.9,14.1,16.5,26.5,8.7,18.5,3,0.0,0.0,4.0
2024-08-24,2024-09-05,12,12.5,20.7,19.3,21.7,10.6,13.7,15.0,25.0,7.8,16.1,3,0.0,0.0,4.7
2024-08-24,2024-09-06,13,11.5,20.2,18.8,21.2,10.0,13.1,15.8,24.6,6.8,16.6,3,0.0,0.0,4.0
2024-08-24,2024-09-07,14,10.7,19.7,18.3,21.2,9.0,12.5,13.3,25.1,6.2,15.1,3,0.0,0.0,8.6
2024-09-18,2024-09-18,0,8.2,17.5,17.2,17.8,8.0,8.5,15.8,18.2,7.0,8.8,1,0.2,0.0,0.2
2024-09-18,2024-09-19,1,8.3,19.0,18.7,19.3,8.3,8.7,17.3,20.2,7.7,9.3,1,0.0,0.0,0.0
2024-09-18,2024-09-20,2,8.3,19.8,19.5,20.2,7.7,9.0,17.8,20.5,6.3,10.3,1,0.0,0.0,0.0
2024-09-18,2024-09-21,3,4.8,13.5,12.5,14.5,4.2,5.2,10.8,16.5,2.7,6.6,2,0.0,0.0,0.1
2024-09-18,2024-09-22,4,3.3,12.0,11.7,12.5,3.0,3.7,10.3,13.5,1.3,4.5,2,0.0,0.0,0.0
2024-09-18,2024-09-23,5,4.2,13.0,12.4,13.9,3.5,5.0,8.5,15.9,1.5,9.4,3,0.1,0.0,5.2
2024-09-18,2024-09-24,6,6.9,15.6,14.1,16.6,4.2,8.8,9.7,17.9,-0.8,10.6,3,1.1,0.1,10.3
2024-09-18,2024-09-25,7,7.5,15.3,13.3,16.6,3.4,11.4,8.6,18.5,0.2,13.2,3,4.4,0.3,13.5
2024-09-18,2024-09-26,8,8.0,15.6,13.8,16.1,2.7,10.0,10.2,17.6,-2.0,11.7,3,14.4,0.0,22.0
2024-09-18,2024-09-27,9,9.9,15.6,14.3,16.4,7.0,11.4,10.0,19.2,-0.2,13.9,3,16.2,0.1,16.4
2024-09-18,2024-09-28,10,6.8,15.0,13.5,16.0,4.8,9.0,9.7,18.0,2.0,12.5,3,9.4,0.1,13.9
2024-09-18,2024-09-29,11,5.0,13.3,11.7,14.8,3.2,6.8,9.0,17.2,0.5,10.5,3,0.0,0.0,12.1
2024-09-18,2024-09-30,12,4.2,12.7,11.7,13.8,2.7,5.2,8.7,17.1,0.0,10.1,3,0.0,0.0,13.3
2024-09-18,2024-10-01,13,3.6,12.3,11.3,13.5,2.3,5.4,9.0,16.2,-0.5,9.4,3,0.0,0.0,13.9
2024-09-18,2024-10-02,14,2.9,12.2,10.8,14.0,1.3,4.9,8.5,16.6,-0.5,9.5,3,0.0,0.0,9.8
2024-10-07,2024-10-07,0,5.7,13.3,12.7,13.7,5.3,6.0,11.5,14.3,4.3,6.7,1,0.0,0.0,0.8
2024-10-07,2024-10-08,1,5.2,11.3,11.0,11.7,4.8,5.5,9.7,12.5,3.3,7.2,1,0.6,0.1,4.7
2024-10-07,2024-10-09,2,7.8,12.8,11.8,13.2,7.5,8.2,9.5,14.5,6.2,8.9,2,30.0,11.1,35.6
2024-10-07,2024-10-10,3,10.3,14.8,14.5,15.2,9.6,11.0,14.2,15.8,6.8,12.0,1,5.7,0.9,8.3
2024-10-07,2024-10-11,4,10.3,15.8,15.5,16.3,8.7,11.0,14.2,17.6,5.7,12.3,2,1.6,1.1,9.6
2024-10-07,2024-10-12,5,4.3,11.8,11.2,12.5,3.2,5.8,10.0,13.5,0.7,7.7,2,0.0,0.0,2.6
2024-10-07,2024-10-13,6,3.7,11.0,10.3,11.7,2.0,5.3,8.0,13.0,-0.5,7.5,2,0.9,0.0,8.7
2024-10-07,2024-10-14,7,3.7,10.8,9.8,11.5,1.5,5.5,7.2,13.0,0.2,8.8,2,0.9,0.0,8.5
2024-10-07,2024-10-15,8,1.8,11.0,9.7,12.0,-0.2,6.2,7.5,14.3,-3.3,9.0,3,0.8,0.0,7.3
2024-10-07,2024-10-16,9,5.8,11.7,9.7,13.3,3.5,7.5,7.0,14.3,-2.7,11.0,3,3.5,0.0,5.4
2024-10-07,2024-10-17,10,4.8,11.3,10.0,12.7,2.6,6.2,7.0,15.3,0.2,10.1,3,0.6,0.0,7.0
2024-10-07,2024-10-18,11,4.5,11.2,9.5,12.3,3.2,6.3,6.7,15.3,-0.4,10.1,3,0.0,0.0,7.3
2024-10-07,2024-10-19,12,4.2,10.8,9.2,12.2,2.5,5.8,5.7,14.8,-1.5,8.4,3,0.0,0.0,6.4
2024-10-07,2024-10-20,13,4.2,10.7,9.3,12.3,2.2,5.5,6.5,14.7,-0.8,9.4,3,0.0,0.0,6.1
2024-10-07,2024-10-21,14,4.2,10.7,9.3,12.3,2.2,5.5,6.5,14.7,-0.8,9.4,3,0.0,0.0,6.1
2024-11-19,2024-11-19,0,-3.5,1.5,1.0,2.0,-4.0,-3.2,-0.2,2.5,-6.5,-2.2,1,0.2,0.0,1.2
2024-11-19,2024-11-20,1,-0.3,3.7,3.2,3.7,-1.2,0.2,1.2,5.2,-3.5,1.0,2,20.3,19.2,29.1
2024-11-19,2024-11-21,2,0.0,3.2,2.8,3.5,-3.0,1.0,-0.3,4.2,-5.5,2.3,2,11.4,3.6,11.4
2024-11-19,2024-11-22,3,-4.2,0.5,-1.0,1.5,-5.3,-3.2,-3.7,2.8,-9.0,-0.5,3,1.8,0.1,5.6
2024-11-19,2024-11-23,4,-6.8,-1.7,-2.5,0.7,-9.5,-5.5,-6.5,2.3,-13.3,-3.0,3,0.0,0.0,1.6
2024-11-19,2024-11-24,5,-5.0,3.0,2.0,4.0,-7.7,-3.2,-2.0,6.3,-11.7,-0.5,3,0.2,0.0,10.2
2024-11-19,2024-11-25,6,1.0,7.3,6.0,8.5,0.3,2.0,1.5,11.2,-7.0,5.3,3,21.3,1.7,21.3
2024-11-19,2024-11-26,7,1.3,7.7,5.2,8.6,-0.5,4.7,0.2,12.0,-9.5,7.3,3,4.2,0.0,7.9
2024-11-19,2024-11-27,8,-0.7,5.5,2.5,6.8,-2.7,1.7,-2.3,8.7,-9.0,6.3,3,1.7,0.0,6.8
2024-11-19,2024-11-28,9,-1.2,2.8,1.7,4.6,-2.8,-0.2,-2.3,7.3,-9.0,5.1,3,0.0,0.0,6.1
2024-11-19,2024-11-29,10,-1.0,3.3,2.0,4.7,-2.7,0.7,-3.3,8.0,-9.0,4.2,3,0.0,0.0,2.5
2024-11-19,2024-11-30,11,-0.7,2.8,1.0,4.8,-3.3,1.3,-2.5,8.2,-7.5,6.5,3,0.0,0.0,6.5
2024-11-19,2024-12-01,12,-1.7,3.2,0.5,4.8,-3.3,0.7,-5.8,7.8,-8.5,5.6,3,0.0,0.0,2.6
2024-11-19,2024-12-02,13,-2.0,2.7,0.7,4.3,-4.0,-0.3,-5.5,7.7,-9.0,5.0,3,0.0,0.0,4.8
2024-11-19,2024-12-03,14,-1.0,2.2,0.3,3.8,-3.8,0.3,-4.3,7.2,-9.5,5.0,3,0.0,0.0,6.7
2024-12-11,2024-12-11,0,-4.5,1.0,0.5,1.0,-4.8,-4.2,0.0,2.0,-5.5,-3.4,1,0.0,0.0,0.0
2024-12-11,2024-12-12,1,-7.3,-3.0,-3.5,-2.5,-7.7,-7.0,-4.0,-2.0,-8.3,-6.0,1,0.0,0.0,0.0
2024-12-11,2024-12-13,2,-8.8,-1.0,-1.5,0.0,-9.2,-8.5,-3.0,1.0,-10.3,-7.8,2,1.9,1.2,5.2
2024-12-11,2024-12-14,3,-2.8,1.3,0.3,2.3,-5.0,-2.2,-1.5,3.2,-8.0,-0.5,2,16.3,9.0,20.9
2024-12-11,2024-12-15,4,-7.5,-1.0,-2.8,-0.3,-10.5,-5.8,-7.3,1.2,-17.7,-0.7,3,10.3,0.5,10.3
2024-12-11,2024-12-16,5,-5.0,2.0,1.5,2.7,-7.0,-2.7,-3.5,4.0,-19.5,-0.3,3,7.4,2.0,9.4
2024-12-11,2024-12-17,6,-3.7,1.0,0.0,2.2,-5.8,-2.5,-5.3,5.0,-15.0,0.3,3,0.0,0.0,1.6
2024-12-11,2024-12-18,7,-7.3,0.0,-1.7,1.0,-9.5,-5.2,-4.5,5.2,-14.7,-1.3,3,0.0,0.0,2.0
2024-12-11,2024-12-19,8,-9.8,0.0,-3.3,2.3,-13.5,-7.2,-11.3,5.0,-19.0,0.8,3,5.5,0.0,14.0
2024-12-11,2024-12-20,9,-3.8,2.8,0.8,4.2,-10.0,-1.2,-7.8,6.5,-19.0,2.3,3,10.5,0.1,13.5
2024-12-11,2024-12-21,10,-5.0,1.0,-3.0,2.5,-9.7,-2.3,-8.5,3.7,-15.5,1.0,3,1.5,0.0,3.2
2024-12-11,2024-12-22,11,-6.8,-1.0,-5.5,0.7,-12.7,-3.5,-12.8,2.3,-18.3,-1.2,3,0.0,0.0,2.7
2024-12-11,2024-12-23,12,-6.2,0.5,-3.4,1.8,-11.7,-3.3,-14.8,3.5,-19.0,-0.3,3,0.0,0.0,5.2
2024-12-11,2024-12-24,13,-5.0,1.0,-2.3,2.3,-10.0,-2.3,-11.5,4.7,-18.8,1.0,3,0.0,0.0,4.8
2024-12-11,2024-12-25,14,-5.5,0.0,-3.0,2.0,-9.8,-2.4,-14.0,5.0,-18.3,1.2,3,0.0,0.0,4.4
2024-12-30,2024-12-30,0,-1.5,4.2,4.2,4.2,-1.7,-1.0,3.7,5.2,-2.5,-0.3,1,8.5,5.3,9.6
2024-12-30,2024-12-31,1,-3.0,-0.3,-0.3,0.2,-3.5,-2.5,-1.3,1.2,-4.0,-2.0,1,0.0,0.0,0.3
2024-12-30,2025-01-01,2,-5.0,2.0,1.0,3.5,-6.7,-3.5,-1.0,4.5,-9.7,-0.3,2,9.3,7.3,15.7
2024-12-30,2025-01-02,3,-9.0,-3.0,-3.5,-2.3,-10.0,-8.0,-5.0,1.0,-12.0,-4.8,2,0.9,0.1,1.5
2024-12-30,2025-01-03,4,-9.5,-3.5,-4.0,-3.0,-10.7,-8.5,-6.0,0.0,-13.0,-4.7,2,1.7,0.0,1.7
2024-12-30,2025-01-04,5,-12.0,-5.0,-6.5,-3.0,-13.3,-10.7,-9.8,-0.5,-16.8,-6.2,3,0.0,0.0,2.5
2024-12-30,2025-01-05,6,-11.2,-4.5,-6.5,-2.5,-13.5,-9.8,-10.7,0.7,-17.8,-6.0,3,0.1,0.1,0.7
2024-12-30,2025-01-06,7,-11.2,-2.8,-5.5,-1.8,-13.8,-8.2,-10.0,4.3,-19.5,-1.7,3,0.2,0.0,5.9
2024-12-30,2025-01-07,8,-9.0,-1.8,-5.3,-0.3,-11.7,-4.3,-14.0,5.3,-19.5,2.8,3,7.0,0.1,14.4
2024-12-30,2025-01-08,9,-9.0,-1.8,-5.0,1.8,-11.8,-4.7,-11.3,4.8,-23.2,1.0,3,2.8,0.1,10.3
2024-12-30,2025-01-09,10,-10.3,-3.0,-6.8,0.0,-14.0,-6.7,-14.5,4.7,-19.0,2.2,3,0.2,0.0,5.3
2024-12-30,2025-01-10,11,-10.0,-2.0,-6.0,0.5,-13.3,-5.7,-14.3,5.7,-18.8,3.0,3,0.0,0.0,6.1
2024-12-30,2025-01-11,12,-8.2,-1.3,-5.8,1.7,-11.8,-3.8,-11.3,5.2,-17.3,2.7,3,0.0,0.0,7.8
2024-12-30,2025-01-12,13,-9.8,-2.5,-6.5,1.5,-12.8,-4.5,-16.8,5.8,-21.3,3.2,3,0.0,0.0,6.7
2024-12-30,2025-01-13,14,-9.8,-2.5,-6.5,1.5,-12.8,-4.5,-16.8,5.8,-21.3,3.2,3,0.0,0.0,6.7
2025-01-16,2025-01-16,0,2.0,4.5,4.0,5.0,2.0,2.0,3.5,6.0,1.3,3.0,1,0.1,0.0,0.5
2025-01-16,2025-01-17,1,1.5,4.0,3.5,4.5,1.0,2.0,3.0,6.0,0.0,2.5,1,0.0,0.0,0.1
2025-01-16,2025-01-18,2,0.5,4.5,4.0,5.0,0.0,1.0,3.0,9.5,-2.0,2.7,3,0.0,0.0,0.0
2025-01-16,2025-01-19,3,-4.7,3.5,3.0,4.0,-6.0,-3.3,1.5,5.5,-9.0,-1.0,2,0.2,0.0,0.2
2025-01-16,2025-01-20,4,-5.7,0.0,-1.3,1.0,-7.3,-4.3,-4.5,2.7,-9.5,1.0,3,0.0,0.0,1.4
2025-01-16,2025-01-21,5,-3.3,1.7,0.2,2.5,-5.7,-1.2,-3.3,4.0,-11.5,1.0,3,3.2,0.3,3.9
2025-01-16,2025-01-22,6,-7.7,0.5,-3.5,2.0,-10.5,-4.3,-11.0,4.0,-17.7,1.3,3,0.4,0.1,4.8
2025-01-16,2025-01-23,7,-9.3,-2.8,-7.0,1.2,-14.8,-5.0,-13.3,4.5,-18.0,2.5,3,0.2,0.0,3.4
2025-01-16,2025-01-24,8,-9.2,-2.3,-6.2,2.0,-15.8,-3.5,-14.5,4.5,-22.0,2.2,3,0.2,0.0,4.5
2025-01-16,2025-01-25,9,-6.0,-1.5,-4.7,1.5,-9.5,-2.0,-10.5,5.7,-18.5,3.0,3,0.1,0.0,3.3
2025-01-16,2025-01-26,10,-6.3,-0.5,-4.8,2.0,-10.0,-2.3,-9.5,5.0,-14.5,3.0,3,0.5,0.0,5.6
2025-01-16,2025-01-27,11,-4.8,-0.5,-4.5,1.7,-9.7,-1.8,-12.0,4.3,-16.8,3.8,3,0.0,0.0,2.5
2025-01-16,2025-01-28,12,-4.7,0.5,-2.0,2.0,-8.7,-0.3,-15.0,5.0,-19.5,2.7,3,0.0,0.0,3.4
2025-01-16,2025-01-29,13,-3.5,0.5,-2.3,2.8,-7.5,0.2,-13.7,5.0,-20.3,3.5,3,0.0,0.0,3.0
2025-01-16,2025-01-30,14,-3.5,0.5,-2.3,2.8,-7.5,0.2,-13.7,5.0,-20.3,3.5,3,0.0,0.0,3.0
2025-01-17,2025-01-17,0,1.7,3.7,3.5,4.2,1.2,2.2,2.7,5.0,-0.3,2.7,1,0.0,0.0,0.1
2025-01-17,2025-01-18,1,-0.5,3.7,3.2,4.2,-1.0,0.0,2.2,5.7,-2.5,2.0,2,0.0,0.0,0.0
2025-01-17,2025-01-19,2,-3.2,3.2,2.7,3.7,-3.8,-2.5,1.2,5.2,-6.5,-0.8,2,0.0,0.0,0.1
2025-01-17,2025-01-20,3,-4.8,0.0,-1.0,1.5,-5.8,-3.2,-3.0,2.5,-8.0,0.0,2,0.0,0.0,0.9
2025-01-17,2025-01-21,4,-3.0,1.5,0.0,2.0,-7.7,-2.4,-3.5,3.0,-15.3,-0.4,3,1.6,1.1,9.6
2025-01-17,2025-01-22,5,-9.5,-0.8,-6.3,0.7,-12.2,-4.8,-13.8,3.0,-22.0,-0.2,3,1.8,0.1,3.9
2025-01-17,2025-01-23,6,-12.2,-4.3,-7.5,0.8,-17.0,-9.2,-17.0,3.5,-24.5,-0.2,3,0.0,0.0,5.2
2025-01-17,2025-01-24,7,-10.5,-2.3,-5.5,0.7,-16.2,-6.7,-16.8,5.0,-23.0,3.0,3,0.0,0.0,1.3
2025-01-17,2025-01-25,8,-7.7,-2.0,-7.5,2.0,-13.5,-2.0,-18.0,4.8,-20.8,2.5,3,0.2,0.0,6.4
2025-01-17,2025-01-26,9,-5.3,-1.5,-7.0,1.7,-10.3,0.3,-15.8,4.0,-22.5,3.3,3,2.9,0.0,4.7
2025-01-17,2025-01-27,10,-4.0,1.2,-3.3,2.7,-9.7,-0.3,-13.0,5.0,-18.3,1.3,3,0.7,0.0,3.4
2025-01-17,2025-01-28,11,-3.8,1.0,-2.5,2.3,-8.7,-0.8,-13.5,4.7,-20.8,1.2,3,0.0,0.0,5.2
2025-01-17,2025-01-29,12,-3.2,1.5,-2.0,3.3,-7.8,0.5,-15.8,5.7,-19.8,2.8,3,0.0,0.0,4.7
2025-01-17,2025-01-30,13,-2.2,1.7,-2.0,2.7,-7.7,0.2,-13.0,5.0,-18.8,3.3,3,0.0,0.0,5.4
2025-01-17,2025-01-31,14,-2.2,1.7,-2.0,2.7,-7.7,0.2,-13.0,5.0,-18.8,3.3,3,0.0,0.0,5.4
2025-01-24,2025-01-24,0,0.5,3.5,3.5,3.5,0.5,0.5,3.0,4.0,0.0,1.0,1,1.6,1.6,2.6
2025-01-24,2025-01-25,1,1.3,4.5,4.2,4.5,1.3,1.3,4.0,5.5,0.7,2.0,1,2.0,1.7,4.3
2025-01-24,2025-01-26,2,-0.5,4.5,4.0,5.0,-1.8,0.2,3.5,5.5,-3.3,1.5,1,0.0,0.0,3.1
2025-01-24,2025-01-27,3,-0.8,2.5,2.0,3.0,-1.5,-0.3,1.0,4.5,-3.5,1.5,2,0.3,0.1,5.3
2025-01-24,2025-01-28,4,1.0,4.2,3.7,4.7,0.3,1.7,2.7,5.7,-1.5,2.7,1,3.4,1.0,6.4
2025-01-24,2025-01-29,5,1.3,4.5,4.0,5.0,0.7,1.7,2.0,6.3,-2.0,3.0,2,11.8,1.2,11.8
2025-01-24,2025-01-30,6,-0.2,4.2,3.2,4.7,-2.5,1.3,1.2,5.6,-9.8,2.8,2,0.3,0.1,4.8
2025-01-24,2025-01-31,7,-2.5,3.5,2.5,4.2,-4.2,0.2,-5.8,5.3,-12.8,2.5,3,0.0,0.0,3.8
2025-01-24,2025-02-01,8,-1.8,3.2,1.7,4.0,-4.0,0.2,-2.8,7.8,-11.2,3.2,3,0.0,0.0,1.8
2025-01-24,2025-02-02,9,-1.2,3.5,2.0,5.7,-3.5,0.3,-4.0,10.0,-10.0,5.5,3,0.0,0.0,1.9
2025-01-24,2025-02-03,10,0.0,4.5,3.5,6.0,-2.0,1.2,-2.3,8.3,-7.0,4.3,3,0.0,0.0,3.2
2025-01-24,2025-02-04,11,-0.5,4.5,3.5,6.0,-2.2,0.5,-4.5,8.2,-10.8,3.2,3,0.0,0.0,3.0
2025-01-24,2025-02-05,12,-1.0,3.7,2.7,4.8,-3.0,0.3,-7.8,6.8,-14.3,2.3,3,0.0,0.0,5.3
2025-01-24,2025-02-06,13,-2.5,3.5,1.5,4.3,-4.5,-0.2,-11.0,6.3,-14.8,2.5,3,0.0,0.0,2.3
2025-01-24,2025-02-07,14,-2.2,3.0,1.5,4.3,-4.8,0.2,-7.5,6.7,-14.8,2.8,3,0.0,0.0,2.8
2025-03-28,2025-03-28,0,3.0,8.8,8.3,9.0,2.7,3.3,7.3,9.8,2.3,3.5,1,0.1,0.1,0.4
2025-03-28,2025-03-29,1,2.3,11.5,11.2,12.0,2.0,2.7,10.0,12.3,1.8,3.3,1,0.0,0.0,0.0
2025-03-28,2025-03-30,2,2.7,9.3,8.3,9.8,2.3,3.0,6.8,11.0,0.0,3.8,2,0.5,0.5,3.4
2025-03-28,2025-03-31,3,2.3,11.3,10.0,12.3,1.7,3.3,7.3,13.3,0.0,4.7,3,0.2,0.0,2.3
2025-03-28,2025-04-01,4,-0.3,10.3,9.3,11.5,-0.8,0.7,6.0,13.3,-2.2,3.2,3,0.0,0.0,0.6
2025-03-28,2025-04-02,5,1.3,13.0,12.0,14.5,0.7,2.3,7.5,17.5,-3.0,4.8,3,0.0,0.0,0.1
2025-03-28,2025-04-03,6,1.0,12.0,9.3,14.0,-0.3,2.0,5.5,16.2,-3.7,4.5,3,0.0,0.0,1.3
2025-03-28,2025-04-04,7,-0.2,6.7,5.7,8.0,-0.5,0.5,3.5,12.3,-2.5,3.8,3,0.0,0.0,2.8
2025-03-28,2025-04-05,8,-1.5,5.0,3.7,6.3,-2.5,-0.8,0.7,12.3,-4.5,2.1,3,1.4,0.1,3.1
2025-03-28,2025-04-06,9,-2.7,4.8,3.4,6.5,-3.2,-2.0,1.5,10.2,-5.3,0.2,3,0.4,0.0,3.5
2025-03-28,2025-04-07,10,-1.5,6.7,5.3,8.3,-2.8,-0.5,3.5,12.2,-4.5,1.2,3,0.2,0.0,2.4
2025-03-28,2025-04-08,11,-1.4,6.7,5.3,8.0,-2.4,-0.4,3.0,13.7,-4.7,2.5,3,0.0,0.0,2.6
2025-03-28,2025-04-09,12,-1.2,6.7,5.3,7.7,-2.5,-0.2,3.5,10.5,-4.5,3.6,3,0.0,0.0,3.4
2025-03-28,2025-04-10,13,-1.5,6.7,5.3,7.7,-2.8,-0.1,3.0,11.7,-5.2,3.1,3,0.0,0.0,2.6
2025-03-28,2025-04-11,14,-0.8,7.0,5.3,8.2,-2.2,0.6,1.5,12.2,-6.0,3.4,3,0.0,0.0,4.8
2025-08-27,2025-08-27,0,7.7,17.7,17.3,18.0,7.5,8.0,17.0,18.5,7.1,8.5,1,0.0,0.0,0.2
2025-08-27,2025-08-28,1,8.1,18.3,18.0,18.5,7.9,8.4,16.1,19.0,7.2,9.2,1,0.4,0.1,1.9
2025-08-27,2025-08-29,2,11.7,17.2,16.8,17.9,11.2,12.1,16.0,18.6,9.7,13.0,1,3.8,1.3,11.4
2025-08-27,2025-08-30,3,12.2,20.0,19.2,21.0,11.2,12.7,17.3,22.5,9.5,13.9,2,1.2,0.2,8.1
2025-08-27,2025-08-31,4,11.1,20.5,19.7,21.0,10.5,11.9,16.7,22.5,9.0,13.4,2,0.3,0.1,6.1
2025-08-27,2025-09-01,5,12.2,20.1,19.7,20.8,11.1,13.5,16.8,23.3,8.1,15.2,3,0.1,0.0,4.2
2025-08-27,2025-09-02,6,11.6,20.0,19.0,20.9,10.5,13.0,16.5,23.1,8.9,14.9,3,0.1,0.0,14.5
2025-08-27,2025-09-03,7,11.9,19.8,19.0,20.5,10.6,12.9,16.0,24.6,7.3,16.4,3,0.0,0.0,9.7
2025-08-27,2025-09-04,8,11.1,19.5,18.8,20.5,10.0,12.6,16.7,24.9,7.0,16.4,3,6.8,0.0,7.1
2025-08-27,2025-09-05,9,10.9,19.8,18.7,20.4,9.4,12.4,17.0,23.9,7.7,14.4,3,0.1,0.0,7.9
2025-08-27,2025-09-06,10,10.6,19.5,18.5,20.1,9.7,11.4,16.8,23.4,7.8,14.4,3,0.0,0.0,4.0
2025-08-27,2025-09-07,11,10.4,19.2,18.2,19.9,9.4,11.6,15.8,21.9,7.2,13.9,3,0.0,0.0,9.8
2025-08-27,2025-09-08,12,10.1,18.7,17.3,19.2,9.1,11.6,15.3,21.6,6.8,13.2,3,0.0,0.0,8.8
2025-08-27,2025-09-09,13,9.7,18.5,17.5,19.4,8.7,11.2,15.3,21.4,7.0,13.4,3,0.0,0.0,5.6
2025-08-27,2025-09-10,14,9.4,17.8,16.8,18.8,8.1,10.8,14.8,21.6,5.5,13.3,3,0.0,0.0,8.5
2025-11-12,2025-11-12,0,6.2,8.5,8.5,8.5,6.2,6.2,8.0,9.0,5.8,6.5,1,2.1,2.1,8.7
2025-11-12,2025-11-13,1,1.5,9.5,9.3,9.8,1.0,2.2,9.0,10.5,-0.2,3.2,1,15.1,7.4,21.3
2025-11-12,2025-11-14,2,-2.3,3.8,3.7,4.2,-2.7,-1.7,2.5,4.8,-3.7,-0.7,1,0.0,0.0,0.5
2025-11-12,2025-11-15,3,-3.7,2.0,1.7,2.3,-4.0,-3.3,1.0,3.2,-4.8,-2.7,1,0.0,0.0,0.3
2025-11-12,2025-11-16,4,0.5,5.2,4.8,5.5,-0.7,1.2,3.5,6.3,-2.5,2.2,1,3.9,0.1,8.3
2025-11-12,2025-11-17,5,-2.0,3.0,2.0,3.7,-3.8,-1.0,-0.3,4.8,-5.0,2.0,2,1.1,0.0,10.3
2025-11-12,2025-11-18,6,-4.7,0.3,-1.0,1.0,-5.3,-3.7,-2.2,4.7,-6.3,-1.0,3,0.0,0.0,4.7
2025-11-12,2025-11-19,7,-6.0,-0.8,-1.5,0.5,-7.0,-5.2,-3.3,3.6,-8.7,-1.5,3,0.0,0.0,3.0
2025-11-12,2025-11-20,8,-6.2,1.2,-1.3,2.2,-8.2,-3.8,-6.5,3.5,-12.3,1.0,3,0.0,0.0,6.6
2025-11-12,2025-11-21,9,-4.3,0.8,-1.2,2.8,-7.5,-1.7,-5.5,7.3,-11.6,1.8,3,0.1,0.0,11.4
2025-11-12,2025-11-22,10,-3.7,1.5,-0.2,4.2,-6.3,-1.0,-4.8,7.3,-9.5,2.8,3,0.0,0.0,9.5
2025-11-12,2025-11-23,11,-4.0,1.8,-1.0,3.5,-6.7,-1.3,-5.3,6.7,-10.8,3.2,3,0.0,0.0,10.3
2025-11-12,2025-11-24,12,-4.2,1.7,-0.5,3.0,-6.5,-2.2,-4.3,7.3,-11.3,4.2,3,0.0,0.0,6.1
2025-11-12,2025-11-25,13,-4.0,1.8,-0.8,3.3,-6.7,-1.7,-6.5,7.8,-11.5,2.0,3,0.0,0.0,6.0
2025-11-12,2025-11-26,14,-4.7,1.3,-1.0,3.7,-7.3,-1.8,-6.3,8.0,-11.0,2.3,3,0.0,0.0,7.7
2025-12-19,2025-12-19,0,5.8,7.5,7.5,7.5,5.6,5.8,7.0,8.5,5.5,6.5,1,1.2,1.0,2.6
2025-12-19,2025-12-20,1,4.2,7.5,7.5,7.5,3.5,4.8,7.0,8.5,2.8,6.3,1,0.9,0.2,2.1
2025-12-19,2025-12-21,2,0.0,5.5,5.0,6.5,-0.3,0.7,4.0,8.0,-1.3,2.0,2,0.0,0.0,0.4
2025-12-19,2025-12-22,3,-2.3,2.0,1.5,2.5,-3.8,-1.0,0.5,3.5,-5.5,-0.2,1,0.1,0.0,0.4
2025-12-19,2025-12-23,4,-5.0,0.5,-0.5,1.5,-6.0,-4.0,-4.0,3.5,-7.2,1.5,3,0.3,0.0,0.8
2025-12-19,2025-12-24,5,-3.7,2.2,1.7,2.7,-6.2,-0.7,-5.0,4.2,-8.0,1.5,3,0.0,0.0,1.2
2025-12-19,2025-12-25,6,-0.8,2.2,1.7,3.2,-2.0,0.0,-7.3,5.3,-10.8,3.2,3,0.0,0.0,0.2
2025-12-19,2025-12-26,7,-0.7,2.5,2.0,3.0,-2.0,0.2,-3.5,8.3,-12.5,3.4,3,0.0,0.0,0.8
2025-12-19,2025-12-27,8,-1.3,3.0,2.0,3.5,-2.7,-0.3,-4.5,6.7,-9.2,2.3,3,0.0,0.0,0.4
2025-12-19,2025-12-28,9,-2.7,2.0,0.5,2.5,-4.2,-1.3,-7.0,5.3,-10.0,2.0,3,0.0,0.0,0.8
2025-12-19,2025-12-29,10,-2.3,2.5,0.5,3.7,-5.0,-1.0,-7.5,5.7,-12.5,2.0,3,0.0,0.0,1.3
2025-12-19,2025-12-30,11,-3.0,2.2,-0.8,3.5,-6.3,-1.3,-10.0,7.5,-15.0,1.2,3,0.0,0.0,3.7
2025-12-19,2025-12-31,12,-4.7,2.0,-1.3,3.7,-8.3,-2.5,-6.5,5.7,-12.0,1.7,3,0.0,0.0,5.0
2025-12-19,2026-01-01,13,-6.3,0.0,-3.5,3.0,-9.3,-2.3,-9.3,6.3,-14.0,2.3,3,0.0,0.0,3.8
2025-12-19,2026-01-02,14,-6.0,-1.2,-5.3,2.5,-9.3,-2.3,-10.8,6.5,-13.5,2.7,3,0.0,0.0,3.6
