d,target_date,lead,var,pred,y,foreca
2023-02-09,2023-02-09,0,tmax,3.2875479207871177,2.3,4.0
2023-02-09,2023-02-10,1,tmax,2.1113658927415138,2.3,3.5
2023-02-09,2023-02-11,2,tmax,-1.4428761489088133,0.1,1.0
2023-02-09,2023-02-12,3,tmax,1.3973862317488297,2.1,4.5
2023-02-09,2023-02-13,4,tmax,4.590782348229206,6.2,6.5
2023-02-09,2023-02-14,5,tmax,2.506373156793487,3.1,3.5
2023-02-09,2023-02-15,6,tmax,2.719651750801934,3.2,4.0
2023-02-09,2023-02-16,7,tmax,3.740527018039682,1.2,4.0
2023-02-09,2023-02-17,8,tmax,4.193654901753173,2.0,5.0
2023-02-09,2023-02-18,9,tmax,3.9493769469350344,0.6,4.5
2023-02-09,2023-02-19,10,tmax,3.6770868166238313,-1.0,4.2
2023-02-09,2023-02-20,11,tmax,3.4243326074218756,-2.1,4.0
2023-02-09,2023-02-21,12,tmax,3.8637328961073365,-2.3,4.5
2023-02-09,2023-02-22,13,tmax,3.7033705102828556,-8.0,4.5
2023-02-09,2023-02-23,14,tmax,4.084220417213155,-0.0,4.5
2023-04-01,2023-04-01,0,tmax,3.704804256857529,4.8,4.7
2023-04-01,2023-04-02,1,tmax,3.875635194116379,2.9,3.0
2023-04-01,2023-04-03,2,tmax,2.1020792021505277,2.5,2.7
2023-04-01,2023-04-04,3,tmax,4.13878311486717,3.8,4.0
2023-04-01,2023-04-05,4,tmax,4.5241974855619835,3.6,5.0
2023-04-01,2023-04-06,5,tmax,4.578844812300256,5.4,6.0
2023-04-01,2023-04-07,6,tmax,6.84921609878335,6.3,7.2
2023-04-01,2023-04-08,7,tmax,7.245518881311053,8.1,9.1
2023-04-01,2023-04-09,8,tmax,7.558589629006827,8.0,9.6
2023-04-01,2023-04-10,9,tmax,7.423558010575887,7.3,9.0
2023-04-01,2023-04-11,10,tmax,7.585768993333689,7.5,8.5
2023-04-01,2023-04-12,11,tmax,7.408764318560466,9.5,8.3
2023-04-01,2023-04-13,12,tmax,7.206905388920357,6.4,7.8
2023-04-01,2023-04-14,13,tmax,6.9720417311971525,5.0,7.8
2023-04-01,2023-04-15,14,tmax,6.974400173450407,6.1,7.8
2023-05-12,2023-05-12,0,tmax,17.084617532697287,18.1,21.5
2023-05-12,2023-05-13,1,tmax,17.909540467134466,17.9,22.0
2023-05-12,2023-05-14,2,tmax,16.659679335591086,19.1,21.7
2023-05-12,2023-05-15,3,tmax,16.3761150455321,18.6,20.5
2023-05-12,2023-05-16,4,tmax,15.245973938876825,12.9,19.2
2023-05-12,2023-05-17,5,tmax,15.030545844822866,12.7,17.2
2023-05-12,2023-05-18,6,tmax,13.21444365232633,12.9,17.8
2023-05-12,2023-05-19,7,tmax,15.038358683270022,12.3,18.8
2023-05-12,2023-05-20,8,tmax,14.231089114080389,15.9,19.7
2023-05-12,2023-05-21,9,tmax,16.71979210536679,17.4,20.4
2023-05-12,2023-05-22,10,tmax,17.03785865024071,18.0,23.5
2023-05-12,2023-05-23,11,tmax,20.141395380758503,16.9,24.5
2023-05-12,2023-05-24,12,tmax,21.541370834794396,18.6,24.7
2023-05-12,2023-05-25,13,tmax,19.973989647483094,18.4,24.8
2023-05-12,2023-05-26,14,tmax,20.63248317317869,14.0,24.5
2023-09-27,2023-09-27,0,tmax,16.551921724279467,16.8,16.8
2023-09-27,2023-09-28,1,tmax,17.778760287800615,17.2,18.2
2023-09-27,2023-09-29,2,tmax,17.18705590253908,17.6,17.8
2023-09-27,2023-09-30,3,tmax,14.09235792417676,16.2,16.3
2023-09-27,2023-10-01,4,tmax,14.287633070496366,15.0,14.7
2023-09-27,2023-10-02,5,tmax,14.896600461479652,14.9,14.0
2023-09-27,2023-10-03,6,tmax,14.241372510597646,13.8,14.2
2023-09-27,2023-10-04,7,tmax,12.916501820378036,13.0,12.7
2023-09-27,2023-10-05,8,tmax,11.45392750435027,12.5,11.0
2023-09-27,2023-10-06,9,tmax,11.868351213759471,10.9,11.0
2023-09-27,2023-10-07,10,tmax,11.53073686145232,12.0,11.0
2023-09-27,2023-10-08,11,tmax,12.671714558374617,6.6,11.3
2023-09-27,2023-10-09,12,tmax,11.86897709297616,7.3,10.8
2023-09-27,2023-10-10,13,tmax,12.983227761609319,9.9,11.7
2023-09-27,2023-10-11,14,tmax,13.263488010870475,13.1,11.7
2023-10-29,2023-10-29,0,tmax,0.9254638493996197,0.3,1.3
2023-10-29,2023-10-30,1,tmax,3.1494334298580045,2.8,3.0
2023-10-29,2023-10-31,2,tmax,3.5589567929947954,7.3,5.2
2023-10-29,2023-11-01,3,tmax,2.954694509651687,7.7,2.8
2023-10-29,2023-11-02,4,tmax,1.4265597347010306,4.0,1.0
2023-10-29,2023-11-03,5,tmax,5.1115933702167595,7.4,6.5
2023-10-29,2023-11-04,6,tmax,10.733041338844535,9.4,9.8
2023-10-29,2023-11-05,7,tmax,11.006222737798442,9.2,10.2
2023-10-29,2023-11-06,8,tmax,11.12213725444993,8.2,10.2
2023-10-29,2023-11-07,9,tmax,10.14329068830517,7.6,9.2
2023-10-29,2023-11-08,10,tmax,8.034125816444831,5.9,6.8
2023-10-29,2023-11-09,11,tmax,5.722938866794574,5.5,5.8
2023-10-29,2023-11-10,12,tmax,4.1289245268676575,7.6,5.5
2023-10-29,2023-11-11,13,tmax,3.928357617552302,7.7,4.8
2023-10-29,2023-11-12,14,tmax,4.137009454249838,6.1,4.2
2023-10-30,2023-10-30,0,tmax,1.3040740416922518,2.8,1.5
2023-10-30,2023-10-31,1,tmax,3.757645276889268,7.3,5.2
2023-10-30,2023-11-01,2,tmax,3.925420334890651,7.7,4.6
2023-10-30,2023-11-02,3,tmax,1.4725902225758822,4.0,1.2
2023-10-30,2023-11-03,4,tmax,4.927916490038366,7.4,6.2
2023-10-30,2023-11-04,5,tmax,8.674120483957095,9.4,7.8
2023-10-30,2023-11-05,6,tmax,8.772160702821221,9.2,7.7
2023-10-30,2023-11-06,7,tmax,8.831391435990886,8.2,7.5
2023-10-30,2023-11-07,8,tmax,6.4764318053631476,7.6,8.0
2023-10-30,2023-11-08,9,tmax,4.1251404280467785,5.9,4.3
2023-10-30,2023-11-09,10,tmax,4.551793306254727,5.5,3.2
2023-10-30,2023-11-10,11,tmax,3.799953334818717,7.6,2.2
2023-10-30,2023-11-11,12,tmax,3.5039184621513497,7.7,2.2
2023-10-30,2023-11-12,13,tmax,2.552986691705298,6.1,1.8
2023-10-30,2023-11-13,14,tmax,3.0151161157047714,3.0,2.2
2024-03-09,2024-03-09,0,tmax,-1.3600512106615585,-0.2,-1.8
2024-03-09,2024-03-10,1,tmax,-1.824996289078729,1.7,-0.2
2024-03-09,2024-03-11,2,tmax,-1.3054360651535724,-1.1,-1.2
2024-03-09,2024-03-12,3,tmax,-0.8356282111702932,0.6,-0.7
2024-03-09,2024-03-13,4,tmax,-0.4884927975361238,1.2,0.5
2024-03-09,2024-03-14,5,tmax,0.499033614183364,3.3,2.0
2024-03-09,2024-03-15,6,tmax,0.5254941754717494,3.7,2.5
2024-03-09,2024-03-16,7,tmax,1.3302701986130763,4.2,3.0
2024-03-09,2024-03-17,8,tmax,0.7198450262797401,2.3,2.8
2024-03-09,2024-03-18,9,tmax,0.3556401783801854,-1.4,1.5
2024-03-09,2024-03-19,10,tmax,-0.545923480066283,-0.1,1.5
2024-03-09,2024-03-20,11,tmax,0.09200454597108622,0.8,1.7
2024-03-09,2024-03-21,12,tmax,0.3923877246998593,1.8,2.5
2024-03-09,2024-03-22,13,tmax,1.5512888505962326,1.6,2.3
2024-03-09,2024-03-23,14,tmax,2.1126836296613893,3.2,2.3
2024-04-07,2024-04-07,0,tmax,6.732513369719967,6.1,6.7
2024-04-07,2024-04-08,1,tmax,8.8811304849721,9.1,10.8
2024-04-07,2024-04-09,2,tmax,9.173239671972457,10.0,10.2
2024-04-07,2024-04-10,3,tmax,10.751383035704652,12.6,12.8
2024-04-07,2024-04-11,4,tmax,8.879888072884707,8.2,9.7
2024-04-07,2024-04-12,5,tmax,8.353598121885845,12.5,9.7
2024-04-07,2024-04-13,6,tmax,7.764010671675167,6.0,8.7
2024-04-07,2024-04-14,7,tmax,7.982105912030905,6.2,8.7
2024-04-07,2024-04-15,8,tmax,7.567441212174759,10.4,7.7
2024-04-07,2024-04-16,9,tmax,6.62760209891445,6.3,6.8
2024-04-07,2024-04-17,10,tmax,7.047579638558335,3.5,7.0
2024-04-07,2024-04-18,11,tmax,6.891995139294642,1.0,7.2
2024-04-07,2024-04-19,12,tmax,7.082930931878939,1.0,7.4
2024-04-07,2024-04-20,13,tmax,7.758309785432795,0.9,8.2
2024-04-07,2024-04-21,14,tmax,7.756626279589256,4.6,8.2
2024-05-16,2024-05-16,0,tmax,22.336909510651804,21.2,25.0
2024-05-16,2024-05-17,1,tmax,21.41877765065277,18.6,24.8
2024-05-16,2024-05-18,2,tmax,16.821501879123925,15.9,20.0
2024-05-16,2024-05-19,3,tmax,19.4593306021402,18.6,22.5
2024-05-16,2024-05-20,4,tmax,17.74089177251304,18.3,21.2
2024-05-16,2024-05-21,5,tmax,16.509127223385555,14.5,19.0
2024-05-16,2024-05-22,6,tmax,16.787153123456136,16.5,19.5
2024-05-16,2024-05-23,7,tmax,17.488578733197638,19.1,20.7
2024-05-16,2024-05-24,8,tmax,16.770704567668375,22.0,19.2
2024-05-16,2024-05-25,9,tmax,17.248500867345914,25.0,19.5
2024-05-16,2024-05-26,10,tmax,16.46006459606448,19.6,21.2
2024-05-16,2024-05-27,11,tmax,17.11012789122726,21.3,21.2
2024-05-16,2024-05-28,12,tmax,16.771042721034515,24.3,21.5
2024-05-16,2024-05-29,13,tmax,15.882097295373901,22.9,20.8
2024-05-16,2024-05-30,14,tmax,16.507884263183815,22.7,21.0
2024-05-28,2024-05-28,0,tmax,23.97746417739413,24.3,27.0
2024-05-28,2024-05-29,1,tmax,23.250780095298772,22.9,26.7
2024-05-28,2024-05-30,2,tmax,23.155144963497985,22.7,25.7
2024-05-28,2024-05-31,3,tmax,23.40773736009089,23.7,26.5
2024-05-28,2024-06-01,4,tmax,23.624771114376745,23.8,27.2
2024-05-28,2024-06-02,5,tmax,23.148350262368176,22.3,27.2
2024-05-28,2024-06-03,6,tmax,22.033717208510655,22.9,26.5
2024-05-28,2024-06-04,7,tmax,20.5362017336016,22.3,24.7
2024-05-28,2024-06-05,8,tmax,17.500974596941848,21.1,22.7
2024-05-28,2024-06-06,9,tmax,16.55371600419249,18.9,20.0
2024-05-28,2024-06-07,10,tmax,17.233421035400553,16.8,21.0
2024-05-28,2024-06-08,11,tmax,16.84667106588257,15.2,21.0
2024-05-28,2024-06-09,12,tmax,17.096251595205416,15.1,21.3
2024-05-28,2024-06-10,13,tmax,17.51474995822902,16.3,22.0
2024-05-28,2024-06-11,14,tmax,16.737910153065915,16.4,22.0
2024-07-17,2024-07-17,0,tmax,21.624439370809963,22.8,23.9
2024-07-17,2024-07-18,1,tmax,21.364427700662336,20.6,22.8
2024-07-17,2024-07-19,2,tmax,21.200085554323355,20.7,23.9
2024-07-17,2024-07-20,3,tmax,22.458141052130042,21.7,25.1
2024-07-17,2024-07-21,4,tmax,22.47234666269976,21.8,25.1
2024-07-17,2024-07-22,5,tmax,22.50891898931336,22.6,25.1
2024-07-17,2024-07-23,6,tmax,22.533973272327586,22.5,24.8
2024-07-17,2024-07-24,7,tmax,21.74055282312524,22.5,24.5
2024-07-17,2024-07-25,8,tmax,21.207049636387897,23.7,24.1
2024-07-17,2024-07-26,9,tmax,19.002194740503008,23.1,22.6
2024-07-17,2024-07-27,10,tmax,20.90619362972937,22.7,23.4
2024-07-17,2024-07-28,11,tmax,21.93199094669794,22.8,23.4
2024-07-17,2024-07-29,12,tmax,21.375847622495098,23.6,23.4
2024-07-17,2024-07-30,13,tmax,20.403662569214383,22.6,23.4
2024-07-17,2024-07-31,14,tmax,20.70209989079159,22.7,23.4
2024-08-24,2024-08-24,0,tmax,19.935646253670786,19.3,20.4
2024-08-24,2024-08-25,1,tmax,23.136370955989253,24.3,25.6
2024-08-24,2024-08-26,2,tmax,19.89314873965197,18.6,20.0
2024-08-24,2024-08-27,3,tmax,19.587984252118023,19.4,21.0
2024-08-24,2024-08-28,4,tmax,19.120870892388243,19.9,21.7
2024-08-24,2024-08-29,5,tmax,19.26265251956902,19.7,21.7
2024-08-24,2024-08-30,6,tmax,20.942763400876103,23.8,23.0
2024-08-24,2024-08-31,7,tmax,21.611288481012846,20.9,23.7
2024-08-24,2024-09-01,8,tmax,19.553240262496306,17.1,22.2
2024-08-24,2024-09-02,9,tmax,18.502289477542476,18.5,21.5
2024-08-24,2024-09-03,10,tmax,19.328683785733006,19.7,22.0
2024-08-24,2024-09-04,11,tmax,18.419027686247162,22.2,21.5
2024-08-24,2024-09-05,12,tmax,18.27327474810747,22.6,20.7
2024-08-24,2024-09-06,13,tmax,18.25849338159006,20.1,20.2
2024-08-24,2024-09-07,14,tmax,17.250820662296157,20.7,19.7
2024-09-18,2024-09-18,0,tmax,15.816187325974747,18.2,17.5
2024-09-18,2024-09-19,1,tmax,17.14275125625034,17.8,19.0
2024-09-18,2024-09-20,2,tmax,17.203370988696243,20.3,19.8
2024-09-18,2024-09-21,3,tmax,14.859245563404926,16.0,13.5
2024-09-18,2024-09-22,4,tmax,11.986316515813826,11.8,12.0
2024-09-18,2024-09-23,5,tmax,14.586847602666158,15.2,13.0
2024-09-18,2024-09-24,6,tmax,13.895026903691019,18.3,15.6
2024-09-18,2024-09-25,7,tmax,16.258243479140905,18.2,15.3
2024-09-18,2024-09-26,8,tmax,15.168357853148844,15.5,15.6
2024-09-18,2024-09-27,9,tmax,16.467481264559826,16.2,15.6
2024-09-18,2024-09-28,10,tmax,14.23717010284171,13.6,15.0
2024-09-18,2024-09-29,11,tmax,13.72266250585535,11.1,13.3
2024-09-18,2024-09-30,12,tmax,11.755672008508078,11.8,12.7
2024-09-18,2024-10-01,13,tmax,11.857505308331246,11.4,12.3
2024-09-18,2024-10-02,14,tmax,12.173220621677057,7.2,12.2
2024-10-07,2024-10-07,0,tmax,14.169878542481037,13.0,13.3
2024-10-07,2024-10-08,1,tmax,12.038082700483907,11.3,11.3
2024-10-07,2024-10-09,2,tmax,12.318683445583124,10.0,12.8
2024-10-07,2024-10-10,3,tmax,15.386876299999694,14.1,14.8
2024-10-07,2024-10-11,4,tmax,16.291488831661603,15.2,15.8
2024-10-07,2024-10-12,5,tmax,12.710916408075478,11.1,11.8
2024-10-07,2024-10-13,6,tmax,10.935397021671308,10.1,11.0
2024-10-07,2024-10-14,7,tmax,10.970671494917317,7.8,10.8
2024-10-07,2024-10-15,8,tmax,10.13399362761442,8.3,11.0
2024-10-07,2024-10-16,9,tmax,12.755721364716836,10.6,11.7
2024-10-07,2024-10-17,10,tmax,12.699498387442901,11.8,11.3
2024-10-07,2024-10-18,11,tmax,11.77614938489778,11.6,11.2
2024-10-07,2024-10-19,12,tmax,11.204504680727572,11.9,10.8
2024-10-07,2024-10-20,13,tmax,11.135635395823952,11.3,10.7
2024-10-07,2024-10-21,14,tmax,11.35531171036957,12.6,10.7
2024-11-19,2024-11-19,0,tmax,0.9770445849040839,2.2,1.5
2024-11-19,2024-11-20,1,tmax,2.895649751424815,4.0,3.7
2024-11-19,2024-11-21,2,tmax,2.4473593783536045,3.6,3.2
2024-11-19,2024-11-22,3,tmax,0.5985243838266568,1.1,0.5
2024-11-19,2024-11-23,4,tmax,-2.7387171993639003,0.2,-1.7
2024-11-19,2024-11-24,5,tmax,0.6239862401411562,3.6,3.0
2024-11-19,2024-11-25,6,tmax,5.405528817009319,9.0,7.3
2024-11-19,2024-11-26,7,tmax,6.176046500941346,8.8,7.7
2024-11-19,2024-11-27,8,tmax,2.4122628110775635,6.5,5.5
2024-11-19,2024-11-28,9,tmax,2.195228667822054,5.5,2.8
2024-11-19,2024-11-29,10,tmax,2.231388940398855,3.0,3.3
2024-11-19,2024-11-30,11,tmax,1.9648918751394628,6.5,2.8
2024-11-19,2024-12-01,12,tmax,1.9684162565926637,6.9,3.2
2024-11-19,2024-12-02,13,tmax,2.136048147611196,6.5,2.7
2024-11-19,2024-12-03,14,tmax,1.2698667492490316,6.3,2.2
2024-12-11,2024-12-11,0,tmax,0.17263840247194198,2.3,1.0
2024-12-11,2024-12-12,1,tmax,-2.4010772875097204,-2.0,-3.0
2024-12-11,2024-12-13,2,tmax,-1.7097752220469449,1.3,-1.0
2024-12-11,2024-12-14,3,tmax,0.1556883089021612,3.2,1.3
2024-12-11,2024-12-15,4,tmax,-1.7324374607405266,2.0,-1.0
2024-12-11,2024-12-16,5,tmax,0.41288591898671145,2.2,2.0
2024-12-11,2024-12-17,6,tmax,2.12172770289164,0.9,1.0
2024-12-11,2024-12-18,7,tmax,-0.3134391000384017,1.0,0.0
2024-12-11,2024-12-19,8,tmax,-0.07460749841860796,5.1,0.0
2024-12-11,2024-12-20,9,tmax,0.4453018312883487,5.0,2.8
2024-12-11,2024-12-21,10,tmax,-1.3134288239799479,-0.3,1.0
2024-12-11,2024-12-22,11,tmax,-0.40843618528956854,3.9,-1.0
2024-12-11,2024-12-23,12,tmax,-0.7287707827219678,3.8,0.5
2024-12-11,2024-12-24,13,tmax,-0.00403389023154377,2.9,1.0
2024-12-11,2024-12-25,14,tmax,0.21720897296263972,4.9,0.0
2024-12-30,2024-12-30,0,tmax,3.031587504588949,5.1,4.2
2024-12-30,2024-12-31,1,tmax,0.9069169900097075,-1.0,-0.3
2024-12-30,2025-01-01,2,tmax,2.802575156883913,1.1,2.0
2024-12-30,2025-01-02,3,tmax,-2.1338729999149066,-2.4,-3.0
2024-12-30,2025-01-03,4,tmax,-1.2819896935751753,-2.5,-3.5
2024-12-30,2025-01-04,5,tmax,-0.8622303592394401,-3.4,-5.0
2024-12-30,2025-01-05,6,tmax,-0.35216258676920575,-2.3,-4.5
2024-12-30,2025-01-06,7,tmax,1.2379853822212035,-1.3,-2.8
2024-12-30,2025-01-07,8,tmax,1.836495681572434,3.1,-1.8
2024-12-30,2025-01-08,9,tmax,1.5884102387571066,2.7,-1.8
2024-12-30,2025-01-09,10,tmax,1.5660186877341824,2.2,-3.0
2024-12-30,2025-01-10,11,tmax,1.389455753999845,1.5,-2.0
2024-12-30,2025-01-11,12,tmax,-0.25574132697452323,-0.6,-1.3
2024-12-30,2025-01-12,13,tmax,0.007865781849804116,-4.0,-2.5
2024-12-30,2025-01-13,14,tmax,2.099985765887531,2.7,-2.5
2025-01-16,2025-01-16,0,tmax,3.5882362316201606,5.1,4.5
2025-01-16,2025-01-17,1,tmax,3.4280135342116393,4.5,4.0
2025-01-16,2025-01-18,2,tmax,3.475774455666882,5.4,4.5
2025-01-16,2025-01-19,3,tmax,3.380224370887421,2.2,3.5
2025-01-16,2025-01-20,4,tmax,-0.14368271099610588,2.0,0.0
2025-01-16,2025-01-21,5,tmax,1.54739747414518,-2.5,1.7
2025-01-16,2025-01-22,6,tmax,0.7362591053145007,2.0,0.5
2025-01-16,2025-01-23,7,tmax,0.9117015764319119,2.3,-2.8
2025-01-16,2025-01-24,8,tmax,0.7101710085444912,2.8,-2.3
2025-01-16,2025-01-25,9,tmax,0.06801263125835645,4.0,-1.5
2025-01-16,2025-01-26,10,tmax,-1.295227018253591,4.0,-0.5
2025-01-16,2025-01-27,11,tmax,-2.7658339736588418,1.9,-0.5
2025-01-16,2025-01-28,12,tmax,-2.9537766949293665,3.7,0.5
2025-01-16,2025-01-29,13,tmax,-2.8572347864320857,4.7,0.5
2025-01-16,2025-01-30,14,tmax,-2.4567601439442015,4.1,0.5
2025-01-17,2025-01-17,0,tmax,3.7697178543044276,4.5,3.7
2025-01-17,2025-01-18,1,tmax,3.7853776067319056,5.4,3.7
2025-01-17,2025-01-19,2,tmax,2.876216868982725,2.2,3.2
2025-01-17,2025-01-20,3,tmax,1.1795896826658372,2.0,0.0
2025-01-17,2025-01-21,4,tmax,-0.18729201419998673,-2.5,1.5
2025-01-17,2025-01-22,5,tmax,0.9563498253572982,2.0,-0.8
2025-01-17,2025-01-23,6,tmax,0.8836832710375067,2.3,-4.3
2025-01-17,2025-01-24,7,tmax,1.4087111742511944,2.8,-2.3
2025-01-17,2025-01-25,8,tmax,-0.019089965886582315,4.0,-2.0
2025-01-17,2025-01-26,9,tmax,-0.4713135703676905,4.0,-1.5
2025-01-17,2025-01-27,10,tmax,-2.6334509576836886,1.9,1.2
2025-01-17,2025-01-28,11,tmax,-2.636965698772376,3.7,1.0
2025-01-17,2025-01-29,12,tmax,-1.6722193732376074,4.7,1.5
2025-01-17,2025-01-30,13,tmax,-2.2944573386001363,4.1,1.7
2025-01-17,2025-01-31,14,tmax,-1.9295380211132065,2.8,1.7
2025-01-24,2025-01-24,0,tmax,4.192634897542119,2.8,3.5
2025-01-24,2025-01-25,1,tmax,4.830097143543651,4.0,4.5
2025-01-24,2025-01-26,2,tmax,4.538523051118773,4.0,4.5
2025-01-24,2025-01-27,3,tmax,2.6552377450227267,1.9,2.5
2025-01-24,2025-01-28,4,tmax,3.9532507007776325,3.7,4.2
2025-01-24,2025-01-29,5,tmax,3.4770634690699875,4.7,4.5
2025-01-24,2025-01-30,6,tmax,3.199314138721746,4.1,4.2
2025-01-24,2025-01-31,7,tmax,3.6424002722646187,2.8,3.5
2025-01-24,2025-02-01,8,tmax,3.265451892281329,0.8,3.2
2025-01-24,2025-02-02,9,tmax,2.986117083200695,-0.4,3.5
2025-01-24,2025-02-03,10,tmax,3.9007243717362297,-1.6,4.5
2025-01-24,2025-02-04,11,tmax,5.39034224788232,-3.0,4.5
2025-01-24,2025-02-05,12,tmax,5.270896849199197,1.6,3.7
2025-01-24,2025-02-06,13,tmax,5.521482892836498,2.1,3.5
2025-01-24,2025-02-07,14,tmax,5.553091822438933,0.8,3.0
2025-03-28,2025-03-28,0,tmax,8.551218856482484,6.3,8.8
2025-03-28,2025-03-29,1,tmax,10.15515663575457,10.0,11.5
2025-03-28,2025-03-30,2,tmax,8.957250858585024,7.0,9.3
2025-03-28,2025-03-31,3,tmax,10.26076211245206,9.4,11.3
2025-03-28,2025-04-01,4,tmax,9.733716211932666,12.1,10.3
2025-03-28,2025-04-02,5,tmax,11.354541148303863,16.8,13.0
2025-03-28,2025-04-03,6,tmax,9.96457041357554,12.9,12.0
2025-03-28,2025-04-04,7,tmax,5.834524750640087,9.6,6.7
2025-03-28,2025-04-05,8,tmax,3.966860328750195,2.4,5.0
2025-03-28,2025-04-06,9,tmax,4.718364276510543,1.8,4.8
2025-03-28,2025-04-07,10,tmax,6.04220365306074,6.8,6.7
2025-03-28,2025-04-08,11,tmax,5.698204155772676,4.1,6.7
2025-03-28,2025-04-09,12,tmax,5.765529400450644,5.2,6.7
2025-03-28,2025-04-10,13,tmax,5.756666626172908,2.8,6.7
2025-03-28,2025-04-11,14,tmax,5.843008608436653,2.4,7.0
2025-08-27,2025-08-27,0,tmax,16.181989076355396,16.7,17.7
2025-08-27,2025-08-28,1,tmax,17.808789113601893,16.1,18.3
2025-08-27,2025-08-29,2,tmax,16.8341137803447,15.2,17.2
2025-08-27,2025-08-30,3,tmax,19.165091214104095,17.3,20.0
2025-08-27,2025-08-31,4,tmax,19.02312405989441,17.1,20.5
2025-08-27,2025-09-01,5,tmax,19.821119369451136,17.0,20.1
2025-08-27,2025-09-02,6,tmax,19.678117912215086,16.5,20.0
2025-08-27,2025-09-03,7,tmax,18.316424215214948,17.9,19.8
2025-08-27,2025-09-04,8,tmax,18.360004351757418,17.5,19.5
2025-08-27,2025-09-05,9,tmax,18.990348092221673,17.3,19.8
2025-08-27,2025-09-06,10,tmax,19.120268080236173,19.2,19.5
2025-08-27,2025-09-07,11,tmax,18.824889049006106,19.2,19.2
2025-08-27,2025-09-08,12,tmax,18.015948948719736,20.0,18.7
2025-08-27,2025-09-09,13,tmax,18.448390011473066,19.4,18.5
2025-08-27,2025-09-10,14,tmax,17.939395115942155,19.5,17.8
2025-11-12,2025-11-12,0,tmax,9.396628232071775,8.7,8.5
2025-11-12,2025-11-13,1,tmax,8.29158251715121,9.9,9.5
2025-11-12,2025-11-14,2,tmax,4.576579246963975,3.6,3.8
2025-11-12,2025-11-15,3,tmax,1.5456191670959465,2.7,2.0
2025-11-12,2025-11-16,4,tmax,4.52713423191484,5.8,5.2
2025-11-12,2025-11-17,5,tmax,4.237112444222738,3.5,3.0
2025-11-12,2025-11-18,6,tmax,2.3124972999325664,0.2,0.3
2025-11-12,2025-11-19,7,tmax,0.03467987439798341,0.3,-0.8
2025-11-12,2025-11-20,8,tmax,-0.758061246948767,3.3,1.2
2025-11-12,2025-11-21,9,tmax,-0.6660346728666336,2.4,0.8
2025-11-12,2025-11-22,10,tmax,2.6284004298110397,4.9,1.5
2025-11-12,2025-11-23,11,tmax,2.268070593697042,6.7,1.8
2025-11-12,2025-11-24,12,tmax,1.4895489430000879,4.5,1.7
2025-11-12,2025-11-25,13,tmax,1.6787959442213547,2.5,1.8
2025-11-12,2025-11-26,14,tmax,-0.08532307258395555,1.5,1.3
2025-12-19,2025-12-19,0,tmax,7.325062704889243,6.4,7.5
2025-12-19,2025-12-20,1,tmax,7.426541931077982,7.1,7.5
2025-12-19,2025-12-21,2,tmax,3.826419201271799,5.9,5.5
2025-12-19,2025-12-22,3,tmax,2.2721361239598066,1.9,2.0
2025-12-19,2025-12-23,4,tmax,1.7888087967554482,-4.4,0.5
2025-12-19,2025-12-24,5,tmax,2.0098732897987,-0.1,2.2
2025-12-19,2025-12-25,6,tmax,3.5497210316876253,6.0,2.2
2025-12-19,2025-12-26,7,tmax,3.6798007265915884,5.7,2.5
2025-12-19,2025-12-27,8,tmax,3.94578866485088,3.4,3.0
2025-12-19,2025-12-28,9,tmax,3.5733756935402785,2.1,2.0
2025-12-19,2025-12-29,10,tmax,4.304856031540976,1.5,2.5
2025-12-19,2025-12-30,11,tmax,3.5033771776778897,-2.8,2.2
2025-12-19,2025-12-31,12,tmax,0.8014273292518478,-8.4,2.0
2023-02-09,2023-02-09,0,tmin,-0.39388478535669813,0.9,0.7
2023-02-09,2023-02-10,1,tmin,-4.986093009122256,-2.6,-3.8
2023-02-09,2023-02-11,2,tmin,-7.512561097360863,-5.7,-6.8
2023-02-09,2023-02-12,3,tmin,-7.291757118616469,-6.6,-6.3
2023-02-09,2023-02-13,4,tmin,-2.5651536055568736,2.0,0.2
2023-02-09,2023-02-14,5,tmin,-3.7946268925547106,-1.5,-2.5
2023-02-09,2023-02-15,6,tmin,-3.9928345833938983,-2.8,-3.0
2023-02-09,2023-02-16,7,tmin,-0.8066726430912429,0.8,-0.8
2023-02-09,2023-02-17,8,tmin,-0.8776413648540895,0.7,-0.8
2023-02-09,2023-02-18,9,tmin,0.37894057112104046,-0.8,-0.3
2023-02-09,2023-02-19,10,tmin,0.14816213672247294,-4.1,-0.8
2023-02-09,2023-02-20,11,tmin,-0.7712196339157436,-11.0,-1.8
2023-02-09,2023-02-21,12,tmin,-0.21046518720104276,-7.8,-1.8
2023-02-09,2023-02-22,13,tmin,-2.604352568271505,-13.4,-2.0
2023-02-09,2023-02-23,14,tmin,-2.604352568271505,-10.5,-2.0
2023-04-01,2023-04-01,0,tmin,-4.249682109807976,-7.3,-6.3
2023-04-01,2023-04-02,1,tmin,-2.473699688636588,-5.3,-4.8
2023-04-01,2023-04-03,2,tmin,-4.838402339696956,-4.8,-7.0
2023-04-01,2023-04-04,3,tmin,-2.9637299744098473,-7.2,-6.3
2023-04-01,2023-04-05,4,tmin,-1.1788709578904233,-1.0,-3.7
2023-04-01,2023-04-06,5,tmin,-1.6072720617418053,0.2,-0.7
2023-04-01,2023-04-07,6,tmin,-0.8567934825636364,0.6,-1.4
2023-04-01,2023-04-08,7,tmin,-0.6495711832169049,-2.3,-1.0
2023-04-01,2023-04-09,8,tmin,-0.45055669271672616,0.2,-0.7
2023-04-01,2023-04-10,9,tmin,-0.561082941076203,-2.7,-2.4
2023-04-01,2023-04-11,10,tmin,-1.0351956140719112,-0.8,-2.4
2023-04-01,2023-04-12,11,tmin,-0.7855970577765548,1.4,-2.4
2023-04-01,2023-04-13,12,tmin,-0.42858221191717455,2.7,-2.4
2023-04-01,2023-04-14,13,tmin,-0.8275523330217841,1.2,-2.4
2023-04-01,2023-04-15,14,tmin,-0.9267462684710528,0.8,-2.4
2023-05-12,2023-05-12,0,tmin,6.152775867157806,5.8,5.5
2023-05-12,2023-05-13,1,tmin,6.52922545661894,7.2,6.2
2023-05-12,2023-05-14,2,tmin,6.1097447148531066,8.5,6.7
2023-05-12,2023-05-15,3,tmin,6.1228983799280785,5.8,6.0
2023-05-12,2023-05-16,4,tmin,6.32278485941021,10.0,9.0
2023-05-12,2023-05-17,5,tmin,7.484103219140108,8.1,8.8
2023-05-12,2023-05-18,6,tmin,6.799616479802012,5.3,5.2
2023-05-12,2023-05-19,7,tmin,6.8157098812146435,3.0,3.0
2023-05-12,2023-05-20,8,tmin,6.619690061236708,6.0,5.6
2023-05-12,2023-05-21,9,tmin,7.395008174575606,4.7,6.5
2023-05-12,2023-05-22,10,tmin,7.723965907312493,8.5,6.9
2023-05-12,2023-05-23,11,tmin,7.702376870465443,8.1,8.4
2023-05-12,2023-05-24,12,tmin,8.31947232266879,5.8,9.4
2023-05-12,2023-05-25,13,tmin,8.176656638458605,11.2,8.8
2023-05-12,2023-05-26,14,tmin,8.987637998517581,6.6,10.1
2023-09-27,2023-09-27,0,tmin,12.280222768006132,13.4,11.5
2023-09-27,2023-09-28,1,tmin,12.808658380557945,13.9,11.8
2023-09-27,2023-09-29,2,tmin,13.084089463321398,15.4,12.3
2023-09-27,2023-09-30,3,tmin,10.686446289216258,12.3,9.2
2023-09-27,2023-10-01,4,tmin,8.022656649883379,10.4,6.5
2023-09-27,2023-10-02,5,tmin,8.388227994386819,7.8,5.5
2023-09-27,2023-10-03,6,tmin,8.504518103683496,11.3,7.2
2023-09-27,2023-10-04,7,tmin,9.027283982579169,8.6,4.8
2023-09-27,2023-10-05,8,tmin,6.431337152171123,6.6,3.2
2023-09-27,2023-10-06,9,tmin,8.790531959175116,3.1,3.8
2023-09-27,2023-10-07,10,tmin,8.565670412106726,3.7,4.0
2023-09-27,2023-10-08,11,tmin,8.74333097934263,3.3,4.3
2023-09-27,2023-10-09,12,tmin,8.665510351210663,1.2,4.3
2023-09-27,2023-10-10,13,tmin,9.013881488923753,-1.1,4.6
2023-09-27,2023-10-11,14,tmin,9.057685356049305,9.5,4.6
2023-10-29,2023-10-29,0,tmin,-2.3285079002639404,-3.7,-2.8
2023-10-29,2023-10-30,1,tmin,0.7415974833641403,-0.5,0.2
2023-10-29,2023-10-31,2,tmin,0.20569899177252188,-0.4,-0.2
2023-10-29,2023-11-01,3,tmin,-1.4330600472315511,2.4,-1.8
2023-10-29,2023-11-02,4,tmin,-2.364496039884273,-1.2,-3.0
2023-10-29,2023-11-03,5,tmin,-0.7712158563309529,-0.7,-0.7
2023-10-29,2023-11-04,6,tmin,8.485709332569053,6.6,4.8
2023-10-29,2023-11-05,7,tmin,8.516995613112137,3.9,6.8
2023-10-29,2023-11-06,8,tmin,8.262920875168554,6.1,7.6
2023-10-29,2023-11-07,9,tmin,7.911794552125228,4.6,6.2
2023-10-29,2023-11-08,10,tmin,7.150990037377081,1.5,3.8
2023-10-29,2023-11-09,11,tmin,2.85901361464508,2.3,2.2
2023-10-29,2023-11-10,12,tmin,0.4670920114641684,5.9,1.5
2023-10-29,2023-11-11,13,tmin,-0.37435378007040565,6.2,0.8
2023-10-29,2023-11-12,14,tmin,0.43714455465511315,2.9,0.5
2023-10-30,2023-10-30,0,tmin,-1.3679718449909777,-0.5,-2.5
2023-10-30,2023-10-31,1,tmin,-0.25205847426427463,-0.4,-0.8
2023-10-30,2023-11-01,2,tmin,0.8342041510923738,2.4,0.3
2023-10-30,2023-11-02,3,tmin,-1.6335863231682073,-1.2,-1.8
2023-10-30,2023-11-03,4,tmin,0.2114571536206801,-0.7,-0.2
2023-10-30,2023-11-04,5,tmin,6.804383029773249,6.6,4.5
2023-10-30,2023-11-05,6,tmin,6.73527796085109,3.9,4.8
2023-10-30,2023-11-06,7,tmin,7.5216249736722185,6.1,5.2
2023-10-30,2023-11-07,8,tmin,2.684059180166706,4.6,1.8
2023-10-30,2023-11-08,9,tmin,-0.9512491916325221,1.5,-0.2
2023-10-30,2023-11-09,10,tmin,-0.5243634502002079,2.3,-1.7
2023-10-30,2023-11-10,11,tmin,-1.4521294137130758,5.9,-2.4
2023-10-30,2023-11-11,12,tmin,-0.9277619296272368,6.2,-2.5
2023-10-30,2023-11-12,13,tmin,-1.3615034086255953,2.9,-2.8
2023-10-30,2023-11-13,14,tmin,-1.530347818739795,0.2,-1.8
2024-03-09,2024-03-09,0,tmin,-5.4880518767453985,-7.6,-8.4
2024-03-09,2024-03-10,1,tmin,-8.61341201379311,-8.8,-12.3
2024-03-09,2024-03-11,2,tmin,-8.972581283909042,-9.2,-12.5
2024-03-09,2024-03-12,3,tmin,-6.295693797066623,-7.8,-8.7
2024-03-09,2024-03-13,4,tmin,-7.415318315548392,-6.1,-8.7
2024-03-09,2024-03-14,5,tmin,-5.826653150066865,1.0,-5.5
2024-03-09,2024-03-15,6,tmin,-6.904095183707326,2.4,-3.0
2024-03-09,2024-03-16,7,tmin,-7.087642182143832,2.7,-2.8
2024-03-09,2024-03-17,8,tmin,-6.046338294662669,-5.8,-2.5
2024-03-09,2024-03-18,9,tmin,-6.618756476426008,-8.6,-5.2
2024-03-09,2024-03-19,10,tmin,-7.196606079524318,-5.9,-7.3
2024-03-09,2024-03-20,11,tmin,-5.676756497126209,-0.9,-6.2
2024-03-09,2024-03-21,12,tmin,-5.539807596772704,-0.2,-5.8
2024-03-09,2024-03-22,13,tmin,-5.589004252434518,0.0,-5.5
2024-03-09,2024-03-23,14,tmin,-4.764627609838859,-0.6,-5.5
2024-04-07,2024-04-07,0,tmin,-4.128632028108872,-4.9,-5.7
2024-04-07,2024-04-08,1,tmin,3.021642480870982,4.0,1.8
2024-04-07,2024-04-09,2,tmin,1.898573388485897,0.1,0.7
2024-04-07,2024-04-10,3,tmin,4.733351117750579,3.8,3.5
2024-04-07,2024-04-11,4,tmin,3.4657947785750136,4.7,2.3
2024-04-07,2024-04-12,5,tmin,2.902441578876212,4.8,1.3
2024-04-07,2024-04-13,6,tmin,0.05564998823307108,1.5,-0.7
2024-04-07,2024-04-14,7,tmin,2.287724643424613,1.8,1.7
2024-04-07,2024-04-15,8,tmin,1.7461368113414628,1.2,0.2
2024-04-07,2024-04-16,9,tmin,-0.23783485181331646,1.3,-0.7
2024-04-07,2024-04-17,10,tmin,0.2360107354245259,0.7,-1.0
2024-04-07,2024-04-18,11,tmin,0.2836671475730588,-2.1,-1.2
2024-04-07,2024-04-19,12,tmin,-0.42769251069476194,-4.2,-1.0
2024-04-07,2024-04-20,13,tmin,0.6364845695323929,-3.1,-0.2
2024-04-07,2024-04-21,14,tmin,0.5678115987689717,-2.2,-0.2
2024-05-16,2024-05-16,0,tmin,11.010794603698697,10.3,11.2
2024-05-16,2024-05-17,1,tmin,8.375810811558432,9.3,9.7
2024-05-16,2024-05-18,2,tmin,7.952360301119926,8.2,8.7
2024-05-16,2024-05-19,3,tmin,7.956624008933971,7.1,9.0
2024-05-16,2024-05-20,4,tmin,8.222645574047519,12.2,10.0
2024-05-16,2024-05-21,5,tmin,8.260098447799239,7.3,8.3
2024-05-16,2024-05-22,6,tmin,7.578651262103317,6.0,7.6
2024-05-16,2024-05-23,7,tmin,10.203861424305403,10.7,9.2
2024-05-16,2024-05-24,8,tmin,8.954387302364685,13.2,7.8
2024-05-16,2024-05-25,9,tmin,8.572175241299952,12.7,7.2
2024-05-16,2024-05-26,10,tmin,8.861864215547119,14.5,8.6
2024-05-16,2024-05-27,11,tmin,8.828355979064519,12.7,9.1
2024-05-16,2024-05-28,12,tmin,9.015311338625605,13.3,9.2
2024-05-16,2024-05-29,13,tmin,8.86705144494372,12.9,9.2
2024-05-16,2024-05-30,14,tmin,8.72977482571357,13.4,8.7
2024-05-28,2024-05-28,0,tmin,15.42954564178293,13.3,12.5
2024-05-28,2024-05-29,1,tmin,13.89573763783476,12.9,12.1
2024-05-28,2024-05-30,2,tmin,15.945564255012615,13.4,12.9
2024-05-28,2024-05-31,3,tmin,17.04309609024434,14.0,14.2
2024-05-28,2024-06-01,4,tmin,16.95108803565269,16.6,14.9
2024-05-28,2024-06-02,5,tmin,15.324128886469376,16.4,14.6
2024-05-28,2024-06-03,6,tmin,14.130697933244134,15.0,14.4
2024-05-28,2024-06-04,7,tmin,12.539661082250998,15.7,12.6
2024-05-28,2024-06-05,8,tmin,11.346533860972578,12.3,11.1
2024-05-28,2024-06-06,9,tmin,10.494203486064347,12.9,9.8
2024-05-28,2024-06-07,10,tmin,10.047578668521123,10.3,8.5
2024-05-28,2024-06-08,11,tmin,11.159644866773627,8.9,8.5
2024-05-28,2024-06-09,12,tmin,10.144716288478564,11.5,8.8
2024-05-28,2024-06-10,13,tmin,10.156068792768657,9.9,8.8
2024-05-28,2024-06-11,14,tmin,10.156068792768657,11.6,8.8
2024-07-17,2024-07-17,0,tmin,16.642654668744377,17.0,16.5
2024-07-17,2024-07-18,1,tmin,15.534643459674129,17.1,16.0
2024-07-17,2024-07-19,2,tmin,16.73651573945836,16.0,15.5
2024-07-17,2024-07-20,3,tmin,16.443329457396743,15.2,15.1
2024-07-17,2024-07-21,4,tmin,16.21367189867305,15.8,15.4
2024-07-17,2024-07-22,5,tmin,16.619006743464944,16.5,15.6
2024-07-17,2024-07-23,6,tmin,16.92234952023261,18.2,16.1
2024-07-17,2024-07-24,7,tmin,17.055188388937342,17.9,15.6
2024-07-17,2024-07-25,8,tmin,15.750282900819574,16.7,14.5
2024-07-17,2024-07-26,9,tmin,14.38728693573412,15.8,14.9
2024-07-17,2024-07-27,10,tmin,16.080507206412424,15.2,15.4
2024-07-17,2024-07-28,11,tmin,16.351114991110084,16.2,15.6
2024-07-17,2024-07-29,12,tmin,15.609099470400334,17.8,15.5
2024-07-17,2024-07-30,13,tmin,15.677189984143023,16.5,15.1
2024-07-17,2024-07-31,14,tmin,15.776822631612575,14.9,15.1
2024-08-24,2024-08-24,0,tmin,15.414433995715761,16.1,13.8
2024-08-24,2024-08-25,1,tmin,16.94158316790884,15.8,14.1
2024-08-24,2024-08-26,2,tmin,14.712181916127465,15.0,13.4
2024-08-24,2024-08-27,3,tmin,13.774644806758507,14.6,12.9
2024-08-24,2024-08-28,4,tmin,13.014342651814712,13.9,10.9
2024-08-24,2024-08-29,5,tmin,13.307053421748448,14.5,11.2
2024-08-24,2024-08-30,6,tmin,14.340979695479616,16.1,12.5
2024-08-24,2024-08-31,7,tmin,15.112009125763873,14.0,15.6
2024-08-24,2024-09-01,8,tmin,14.966210110140361,11.9,13.6
2024-08-24,2024-09-02,9,tmin,14.598052065426923,13.3,12.0
2024-08-24,2024-09-03,10,tmin,15.41853532476429,15.3,13.1
2024-08-24,2024-09-04,11,tmin,14.80961701501759,15.4,12.6
2024-08-24,2024-09-05,12,tmin,14.397444239247827,14.9,12.5
2024-08-24,2024-09-06,13,tmin,13.395666359533635,14.5,11.5
2024-08-24,2024-09-07,14,tmin,13.663239112934543,15.8,10.7
2024-09-18,2024-09-18,0,tmin,10.152904896093242,9.8,8.2
2024-09-18,2024-09-19,1,tmin,10.326117608387456,9.8,8.3
2024-09-18,2024-09-20,2,tmin,10.246035899534043,11.5,8.3
2024-09-18,2024-09-21,3,tmin,5.798151623010048,8.6,4.8
2024-09-18,2024-09-22,4,tmin,4.842264445695532,4.0,3.3
2024-09-18,2024-09-23,5,tmin,5.895674638014137,5.8,4.2
2024-09-18,2024-09-24,6,tmin,9.302772073967793,13.7,6.9
2024-09-18,2024-09-25,7,tmin,11.383120122741687,14.2,7.5
2024-09-18,2024-09-26,8,tmin,10.062864377556464,13.4,8.0
2024-09-18,2024-09-27,9,tmin,11.728907095349381,13.5,9.9
2024-09-18,2024-09-28,10,tmin,10.327601467950313,8.6,6.8
2024-09-18,2024-09-29,11,tmin,8.8167968219913,6.2,5.0
2024-09-18,2024-09-30,12,tmin,7.5436316043415985,4.5,4.2
2024-09-18,2024-10-01,13,tmin,7.532597713974478,3.8,3.6
2024-09-18,2024-10-02,14,tmin,6.595898123317764,5.7,2.9
2024-10-07,2024-10-07,0,tmin,7.898653070916165,7.0,5.7
2024-10-07,2024-10-08,1,tmin,6.903161206356988,5.4,5.2
2024-10-07,2024-10-09,2,tmin,9.224045860347763,8.1,7.8
2024-10-07,2024-10-10,3,tmin,10.440865584582065,10.4,10.3
2024-10-07,2024-10-11,4,tmin,10.596830505388981,9.2,10.3
2024-10-07,2024-10-12,5,tmin,7.074373664061408,3.6,4.3
2024-10-07,2024-10-13,6,tmin,6.488666741273845,3.3,3.7
2024-10-07,2024-10-14,7,tmin,7.730925726369751,4.6,3.7
2024-10-07,2024-10-15,8,tmin,7.974368488994827,3.0,1.8
2024-10-07,2024-10-16,9,tmin,9.15132271626468,2.1,5.8
2024-10-07,2024-10-17,10,tmin,9.084420132781474,7.7,4.8
2024-10-07,2024-10-18,11,tmin,9.037252962877433,9.4,4.5
2024-10-07,2024-10-19,12,tmin,8.057004461855948,9.8,4.2
2024-10-07,2024-10-20,13,tmin,8.16940784780355,8.4,4.2
2024-10-07,2024-10-21,14,tmin,7.974435792551834,10.2,4.2
2024-11-19,2024-11-19,0,tmin,-2.0254689576508063,-2.1,-3.5
2024-11-19,2024-11-20,1,tmin,-0.18263293923042812,-1.3,-0.3
2024-11-19,2024-11-21,2,tmin,-0.40783497132739527,0.9,0.0
2024-11-19,2024-11-22,3,tmin,-3.393362334678421,-3.1,-4.2
2024-11-19,2024-11-23,4,tmin,-5.7141631726943825,-4.2,-6.8
2024-11-19,2024-11-24,5,tmin,-5.0741139291123964,-2.5,-5.0
2024-11-19,2024-11-25,6,tmin,0.9736372557063857,1.7,1.0
2024-11-19,2024-11-26,7,tmin,0.8431092693170872,6.5,1.3
2024-11-19,2024-11-27,8,tmin,-2.3617202447948067,4.8,-0.7
2024-11-19,2024-11-28,9,tmin,-2.825630271395982,1.9,-1.2
2024-11-19,2024-11-29,10,tmin,-1.3284025326461408,1.5,-1.0
2024-11-19,2024-11-30,11,tmin,-1.8121163533339306,1.8,-0.7
2024-11-19,2024-12-01,12,tmin,-2.4091067883512234,5.2,-1.7
2024-11-19,2024-12-02,13,tmin,-2.071878428760179,3.9,-2.0
2024-11-19,2024-12-03,14,tmin,-1.9553132286219632,-3.8,-1.0
2024-12-11,2024-12-11,0,tmin,-4.056768373408055,-1.6,-4.5
2024-12-11,2024-12-12,1,tmin,-6.44791876683198,-5.2,-7.3
2024-12-11,2024-12-13,2,tmin,-6.028880963887058,-6.7,-8.8
2024-12-11,2024-12-14,3,tmin,-2.3965790400557414,-0.5,-2.8
2024-12-11,2024-12-15,4,tmin,-8.016261427080082,-9.6,-7.5
2024-12-11,2024-12-16,5,tmin,-6.554942066800004,-6.4,-5.0
2024-12-11,2024-12-17,6,tmin,-4.506475391112707,-4.5,-3.7
2024-12-11,2024-12-18,7,tmin,-7.106578939405803,-8.2,-7.3
2024-12-11,2024-12-19,8,tmin,-4.2293010750743605,0.3,-9.8
2024-12-11,2024-12-20,9,tmin,-2.6737960988486797,-3.4,-3.8
2024-12-11,2024-12-21,10,tmin,-4.705733565273333,-4.4,-5.0
2024-12-11,2024-12-22,11,tmin,-2.5124198069751493,-1.5,-6.8
2024-12-11,2024-12-23,12,tmin,-2.604221067676062,1.3,-6.2
2024-12-11,2024-12-24,13,tmin,-3.2556758600698874,0.9,-5.0
2024-12-11,2024-12-25,14,tmin,-3.188852903648145,2.1,-5.5
2024-12-30,2024-12-30,0,tmin,0.3753439750100535,-0.9,-1.5
2024-12-30,2024-12-31,1,tmin,-2.0733473054676774,-2.8,-3.0
2024-12-30,2025-01-01,2,tmin,-4.114516532204381,-3.5,-5.0
2024-12-30,2025-01-02,3,tmin,-8.556397181695644,-8.3,-9.0
2024-12-30,2025-01-03,4,tmin,-6.618722732946897,-10.1,-9.5
2024-12-30,2025-01-04,5,tmin,-6.81873841084094,-14.0,-12.0
2024-12-30,2025-01-05,6,tmin,-6.255672790114109,-12.3,-11.2
2024-12-30,2025-01-06,7,tmin,-3.043113480887601,-10.7,-11.2
2024-12-30,2025-01-07,8,tmin,-1.0515511255127137,-1.9,-9.0
2024-12-30,2025-01-08,9,tmin,-1.6627410059597394,-3.0,-9.0
2024-12-30,2025-01-09,10,tmin,-4.086451486512312,0.8,-10.3
2024-12-30,2025-01-10,11,tmin,-3.7911392937570874,-0.6,-10.0
2024-12-30,2025-01-11,12,tmin,-4.705690304135871,-3.9,-8.2
2024-12-30,2025-01-12,13,tmin,-4.726488172281512,-9.7,-9.8
2024-12-30,2025-01-13,14,tmin,-2.5265930235351712,-7.6,-9.8
2025-01-16,2025-01-16,0,tmin,2.1022337269130413,2.1,2.0
2025-01-16,2025-01-17,1,tmin,1.0281651064701447,2.1,1.5
2025-01-16,2025-01-18,2,tmin,0.4620745150298778,-1.1,0.5
2025-01-16,2025-01-19,3,tmin,-2.676239061450721,-1.4,-4.7
2025-01-16,2025-01-20,4,tmin,-3.73507232057769,-5.4,-5.7
2025-01-16,2025-01-21,5,tmin,-1.777883002713447,-4.5,-3.3
2025-01-16,2025-01-22,6,tmin,-2.491077949255997,-2.4,-7.7
2025-01-16,2025-01-23,7,tmin,-2.174946019287999,0.3,-9.3
2025-01-16,2025-01-24,8,tmin,-2.228102837560286,0.3,-9.2
2025-01-16,2025-01-25,9,tmin,-4.004562328149833,1.4,-6.0
2025-01-16,2025-01-26,10,tmin,-4.495635051543607,2.0,-6.3
2025-01-16,2025-01-27,11,tmin,-6.138262763379961,0.6,-4.8
2025-01-16,2025-01-28,12,tmin,-6.143304182228909,0.8,-4.7
2025-01-16,2025-01-29,13,tmin,-5.8257474033219205,2.5,-3.5
2025-01-16,2025-01-30,14,tmin,-6.113410803483892,1.0,-3.5
2025-01-17,2025-01-17,0,tmin,1.3812445072563164,2.1,1.7
2025-01-17,2025-01-18,1,tmin,0.14408558840255375,-1.1,-0.5
2025-01-17,2025-01-19,2,tmin,-2.168276102577464,-1.4,-3.2
2025-01-17,2025-01-20,3,tmin,-2.7597659331692257,-5.4,-4.8
2025-01-17,2025-01-21,4,tmin,-7.090655740538218,-4.5,-3.0
2025-01-17,2025-01-22,5,tmin,-2.371452879377192,-2.4,-9.5
2025-01-17,2025-01-23,6,tmin,-2.643881625626665,0.3,-12.2
2025-01-17,2025-01-24,7,tmin,-2.5146018262441596,0.3,-10.5
2025-01-17,2025-01-25,8,tmin,-4.335652707119197,1.4,-7.7
2025-01-17,2025-01-26,9,tmin,-4.300445259040037,2.0,-5.3
2025-01-17,2025-01-27,10,tmin,-6.56902935861898,0.6,-4.0
2025-01-17,2025-01-28,11,tmin,-6.427905509544296,0.8,-3.8
2025-01-17,2025-01-29,12,tmin,-6.226015822797548,2.5,-3.2
2025-01-17,2025-01-30,13,tmin,-6.545428014572871,1.0,-2.2
2025-01-17,2025-01-31,14,tmin,-6.506796548178779,-0.8,-2.2
2025-01-24,2025-01-24,0,tmin,1.3872270374712143,0.3,0.5
2025-01-24,2025-01-25,1,tmin,1.0998405875782624,1.4,1.3
2025-01-24,2025-01-26,2,tmin,0.1207022150505104,2.0,-0.5
2025-01-24,2025-01-27,3,tmin,-1.8624095542687846,0.6,-0.8
2025-01-24,2025-01-28,4,tmin,-0.7250391532169636,0.8,1.0
2025-01-24,2025-01-29,5,tmin,0.30070626506593123,2.5,1.3
2025-01-24,2025-01-30,6,tmin,-2.009906084282882,1.0,-0.2
2025-01-24,2025-01-31,7,tmin,-1.6647078977354568,-0.8,-2.5
2025-01-24,2025-02-01,8,tmin,-2.7469059425650078,-1.9,-1.8
2025-01-24,2025-02-02,9,tmin,-1.9408183507368093,-2.0,-1.2
2025-01-24,2025-02-03,10,tmin,0.39100657709789854,-5.8,0.0
2025-01-24,2025-02-04,11,tmin,0.15686364807697417,-8.4,-0.5
2025-01-24,2025-02-05,12,tmin,-1.1279448762157425,-3.0,-1.0
2025-01-24,2025-02-06,13,tmin,0.7597570972667794,-0.3,-2.5
2025-01-24,2025-02-07,14,tmin,0.06656382305375692,-1.8,-2.2
2025-03-28,2025-03-28,0,tmin,2.6743874852943152,3.0,3.0
2025-03-28,2025-03-29,1,tmin,1.759665900806862,3.6,2.3
2025-03-28,2025-03-30,2,tmin,3.0287490187537514,3.6,2.7
2025-03-28,2025-03-31,3,tmin,1.9443159320654197,4.6,2.3
2025-03-28,2025-04-01,4,tmin,-0.27734477142237374,4.2,-0.3
2025-03-28,2025-04-02,5,tmin,2.1321744227018176,3.9,1.3
2025-03-28,2025-04-03,6,tmin,1.4622170070376257,5.2,1.0
2025-03-28,2025-04-04,7,tmin,-0.14334293097069623,3.0,-0.2
2025-03-28,2025-04-05,8,tmin,-0.4712819586552342,-1.0,-1.5
2025-03-28,2025-04-06,9,tmin,-0.973133137665733,-4.7,-2.7
2025-03-28,2025-04-07,10,tmin,-0.8093398167887099,-0.2,-1.5
2025-03-28,2025-04-08,11,tmin,-0.47907966176993877,-2.5,-1.4
2025-03-28,2025-04-09,12,tmin,-0.8705498099106301,-0.6,-1.2
2025-03-28,2025-04-10,13,tmin,-0.878043980327081,-3.2,-1.5
2025-03-28,2025-04-11,14,tmin,-0.4402405936034361,-2.4,-0.8
2025-08-27,2025-08-27,0,tmin,9.382308835337852,9.0,7.7
2025-08-27,2025-08-28,1,tmin,9.504579626239316,8.7,8.1
2025-08-27,2025-08-29,2,tmin,12.453171411711631,13.5,11.7
2025-08-27,2025-08-30,3,tmin,12.258588663723913,14.6,12.2
2025-08-27,2025-08-31,4,tmin,12.308882028183836,14.3,11.1
2025-08-27,2025-09-01,5,tmin,12.436878893697237,12.7,12.2
2025-08-27,2025-09-02,6,tmin,12.381664012813648,11.1,11.6
2025-08-27,2025-09-03,7,tmin,12.362535174804234,14.6,11.9
2025-08-27,2025-09-04,8,tmin,12.676102055092944,14.2,11.1
2025-08-27,2025-09-05,9,tmin,12.870927897207489,13.3,10.9
2025-08-27,2025-09-06,10,tmin,12.444220954728518,14.6,10.6
2025-08-27,2025-09-07,11,tmin,11.812666539190985,16.6,10.4
2025-08-27,2025-09-08,12,tmin,11.735479824341894,15.4,10.1
2025-08-27,2025-09-09,13,tmin,11.438679067992652,14.0,9.7
2025-08-27,2025-09-10,14,tmin,11.440423393964329,15.3,9.4
2025-11-12,2025-11-12,0,tmin,7.862223391366421,7.3,6.2
2025-11-12,2025-11-13,1,tmin,3.1674442652334465,3.9,1.5
2025-11-12,2025-11-14,2,tmin,-0.6551494433024054,-0.2,-2.3
2025-11-12,2025-11-15,3,tmin,-1.9975784345988492,-2.7,-3.7
2025-11-12,2025-11-16,4,tmin,1.7073310902173662,2.6,0.5
2025-11-12,2025-11-17,5,tmin,-0.04045563828713422,-0.0,-2.0
2025-11-12,2025-11-18,6,tmin,-2.9673634247385166,-4.6,-4.7
2025-11-12,2025-11-19,7,tmin,-3.78875067192948,-6.6,-6.0
2025-11-12,2025-11-20,8,tmin,-4.248192841475367,0.7,-6.2
2025-11-12,2025-11-21,9,tmin,-4.1879057703386104,0.1,-4.3
2025-11-12,2025-11-22,10,tmin,-2.1429545512445127,-6.5,-3.7
2025-11-12,2025-11-23,11,tmin,-1.9843225724332947,4.5,-4.0
2025-11-12,2025-11-24,12,tmin,-2.728283728856792,0.6,-4.2
2025-11-12,2025-11-25,13,tmin,-3.4861226290110063,-4.1,-4.0
2025-11-12,2025-11-26,14,tmin,-3.536672191464708,-8.5,-4.7
2025-12-19,2025-12-19,0,tmin,5.984290693200411,4.8,5.8
2025-12-19,2025-12-20,1,tmin,3.8867190155253555,6.3,4.2
2025-12-19,2025-12-21,2,tmin,0.28699521179647314,2.3,0.0
2025-12-19,2025-12-22,3,tmin,-1.6063902045473262,-5.8,-2.3
2025-12-19,2025-12-23,4,tmin,-3.186538302459034,-7.1,-5.0
2025-12-19,2025-12-24,5,tmin,-0.23079168263461103,-4.2,-3.7
2025-12-19,2025-12-25,6,tmin,0.5263543302105831,-0.3,-0.8
2025-12-19,2025-12-26,7,tmin,0.8866378710067246,1.2,-0.7
2025-12-19,2025-12-27,8,tmin,0.42392451405807,0.1,-1.3
2025-12-19,2025-12-28,9,tmin,-0.9420220508081554,-2.7,-2.7
2025-12-19,2025-12-29,10,tmin,-0.5453296155382908,-3.5,-2.3
2025-12-19,2025-12-30,11,tmin,-1.7810276925509658,-7.9,-3.0
2025-12-19,2025-12-31,12,tmin,-2.278735299866192,-12.6,-4.7
2023-02-09,2023-02-09,0,precip,0.7717173388065842,1.8,0.2
2023-02-09,2023-02-10,1,precip,3.126261085421089,4.8,3.6
2023-02-09,2023-02-11,2,precip,1.498439657319045,3.8,0.4
2023-02-09,2023-02-12,3,precip,0.4199618778745973,0.0,0.0
2023-02-09,2023-02-13,4,precip,0.4199618778745973,0.0,0.0
2023-02-09,2023-02-14,5,precip,0.4199618778745973,0.0,0.2
2023-02-09,2023-02-15,6,precip,0.4199618778745973,0.0,0.2
2023-02-09,2023-02-16,7,precip,0.4199618778745973,3.1,0.1
2023-02-09,2023-02-17,8,precip,0.6212413840403709,2.5,0.3
2023-02-09,2023-02-18,9,precip,1.3121937929009546,12.6,4.1
2023-02-09,2023-02-19,10,precip,0.6987561976478488,7.9,0.1
2023-02-09,2023-02-20,11,precip,2.1085446849391594,1.5,0.0
2023-02-09,2023-02-21,12,precip,1.2579650482413194,1.0,0.0
2023-02-09,2023-02-22,13,precip,0.8080539207956957,0.0,0.0
2023-02-09,2023-02-23,14,precip,0.9725701649949018,6.3,0.0
2023-04-01,2023-04-01,0,precip,0.24099612700464346,0.0,0.0
2023-04-01,2023-04-02,1,precip,0.5370758950821682,0.0,0.0
2023-04-01,2023-04-03,2,precip,0.5258528896336764,0.0,0.0
2023-04-01,2023-04-04,3,precip,1.4971972833154976,0.0,0.0
2023-04-01,2023-04-05,4,precip,0.5071037179168302,0.1,0.0
2023-04-01,2023-04-06,5,precip,2.2968319272193387,0.0,0.1
2023-04-01,2023-04-07,6,precip,0.4445735631147211,0.0,1.7
2023-04-01,2023-04-08,7,precip,0.7048517305314091,0.0,0.6
2023-04-01,2023-04-09,8,precip,0.809280717102988,0.0,0.0
2023-04-01,2023-04-10,9,precip,0.5902950320540287,0.0,0.0
2023-04-01,2023-04-11,10,precip,0.5766340133505529,0.0,0.0
2023-04-01,2023-04-12,11,precip,0.6746347296686818,0.0,0.0
2023-04-01,2023-04-13,12,precip,0.5618470823891414,0.0,0.0
2023-04-01,2023-04-14,13,precip,0.7547089002477506,0.0,0.0
2023-04-01,2023-04-15,14,precip,0.8481966981127613,0.0,0.0
2023-05-12,2023-05-12,0,precip,-0.30619974802405187,0.0,0.0
2023-05-12,2023-05-13,1,precip,-0.30619974802405187,0.0,0.0
2023-05-12,2023-05-14,2,precip,-0.32154109385744983,0.0,0.0
2023-05-12,2023-05-15,3,precip,0.2507072492315958,0.1,0.0
2023-05-12,2023-05-16,4,precip,7.2345533965673585,8.2,0.0
2023-05-12,2023-05-17,5,precip,3.55757593797897,0.5,3.5
2023-05-12,2023-05-18,6,precip,3.382483415499031,0.0,0.3
2023-05-12,2023-05-19,7,precip,3.382483415499031,0.0,0.1
2023-05-12,2023-05-20,8,precip,2.055911706538847,0.0,0.0
2023-05-12,2023-05-21,9,precip,1.551821824046284,0.0,0.0
2023-05-12,2023-05-22,10,precip,0.8578841494365017,5.7,0.0
2023-05-12,2023-05-23,11,precip,1.25209039465812,0.4,0.0
2023-05-12,2023-05-24,12,precip,1.3843820646353606,0.0,0.0
2023-05-12,2023-05-25,13,precip,1.8908285041525044,1.4,0.0
2023-05-12,2023-05-26,14,precip,1.0037796076308994,8.8,0.0
2023-09-27,2023-09-27,0,precip,0.734372894590553,1.8,1.7
2023-09-27,2023-09-28,1,precip,0.27655937742757425,0.0,0.8
2023-09-27,2023-09-29,2,precip,1.7973749029429904,0.2,2.7
2023-09-27,2023-09-30,3,precip,-0.16629782698112963,13.6,0.2
2023-09-27,2023-10-01,4,precip,-0.340090078165061,0.1,0.1
2023-09-27,2023-10-02,5,precip,3.3298034184113052,2.1,4.5
2023-09-27,2023-10-03,6,precip,4.0689083592235535,15.7,0.9
2023-09-27,2023-10-04,7,precip,0.536527873353123,12.8,0.0
2023-09-27,2023-10-05,8,precip,1.5195383257821338,0.0,0.1
2023-09-27,2023-10-06,9,precip,4.229805859640607,5.3,3.3
2023-09-27,2023-10-07,10,precip,2.8059923862155456,11.0,4.4
2023-09-27,2023-10-08,11,precip,4.696891225746129,0.3,0.0
2023-09-27,2023-10-09,12,precip,3.95072623648842,0.1,0.0
2023-09-27,2023-10-10,13,precip,3.677345187887783,0.1,0.0
2023-09-27,2023-10-11,14,precip,3.7002030511732387,16.4,0.0
2023-10-29,2023-10-29,0,precip,0.786807284492853,0.2,0.1
2023-10-29,2023-10-30,1,precip,2.8352391163624557,1.2,3.1
2023-10-29,2023-10-31,2,precip,8.70296747109289,16.8,14.0
2023-10-29,2023-11-01,3,precip,6.559471442686234,7.2,2.1
2023-10-29,2023-11-02,4,precip,0.9078076604512889,0.0,0.1
2023-10-29,2023-11-03,5,precip,1.9148635410568429,0.3,0.6
2023-10-29,2023-11-04,6,precip,4.901739309148877,7.0,7.5
2023-10-29,2023-11-05,7,precip,3.9848548264319517,1.2,0.9
2023-10-29,2023-11-06,8,precip,3.5614302406691962,0.9,10.1
2023-10-29,2023-11-07,9,precip,1.7254047908872354,0.6,1.8
2023-10-29,2023-11-08,10,precip,1.2374341692390034,0.1,1.4
2023-10-29,2023-11-09,11,precip,1.375567966638846,2.7,0.0
2023-10-29,2023-11-10,12,precip,1.483015435788647,13.2,0.0
2023-10-29,2023-11-11,13,precip,1.680256081813466,3.9,0.0
2023-10-29,2023-11-12,14,precip,3.4762136140252324,11.0,0.0
2023-10-30,2023-10-30,0,precip,0.8502777140335048,1.2,0.9
2023-10-30,2023-10-31,1,precip,11.364995020841752,16.8,12.7
2023-10-30,2023-11-01,2,precip,1.978334207606514,7.2,2.8
2023-10-30,2023-11-02,3,precip,0.8127772522124493,0.0,0.3
2023-10-30,2023-11-03,4,precip,2.5676207708878076,0.3,2.1
2023-10-30,2023-11-04,5,precip,5.203616206324439,7.0,7.5
2023-10-30,2023-11-05,6,precip,3.5258074641615713,1.2,0.4
2023-10-30,2023-11-06,7,precip,4.7196638408722125,0.9,6.7
2023-10-30,2023-11-07,8,precip,2.732235686186877,0.6,6.0
2023-10-30,2023-11-08,9,precip,1.6817423288302817,0.1,4.4
2023-10-30,2023-11-09,10,precip,2.2435889014351207,2.7,1.4
2023-10-30,2023-11-10,11,precip,1.7386497156365657,13.2,0.0
2023-10-30,2023-11-11,12,precip,1.936681246975868,3.9,0.0
2023-10-30,2023-11-12,13,precip,1.4187788648624116,11.0,0.0
2023-10-30,2023-11-13,14,precip,2.660392665840577,2.2,0.0
2024-03-09,2024-03-09,0,precip,0.28497514036356936,0.0,0.0
2024-03-09,2024-03-10,1,precip,0.28497514036356936,0.0,0.0
2024-03-09,2024-03-11,2,precip,0.28497514036356936,0.0,0.0
2024-03-09,2024-03-12,3,precip,0.300535267940263,0.0,0.0
2024-03-09,2024-03-13,4,precip,0.4684236789073905,0.6,0.0
2024-03-09,2024-03-14,5,precip,0.924208062564099,3.9,1.2
2024-03-09,2024-03-15,6,precip,0.5920041868559675,4.9,0.0
2024-03-09,2024-03-16,7,precip,0.8524325781159273,2.0,3.2
2024-03-09,2024-03-17,8,precip,1.152552012472571,13.4,5.0
2024-03-09,2024-03-18,9,precip,0.5358918038375854,0.0,0.8
2024-03-09,2024-03-19,10,precip,0.7310312753588325,0.0,0.0
2024-03-09,2024-03-20,11,precip,0.581964406806691,0.4,0.0
2024-03-09,2024-03-21,12,precip,0.5382483608621654,2.9,0.0
2024-03-09,2024-03-22,13,precip,1.466089258563776,6.4,0.0
2024-03-09,2024-03-23,14,precip,1.56296301477395,1.1,0.0
2024-04-07,2024-04-07,0,precip,1.4683698324339567,1.3,1.5
2024-04-07,2024-04-08,1,precip,0.5903208674789019,0.1,0.0
2024-04-07,2024-04-09,2,precip,0.42659679816301843,0.2,0.0
2024-04-07,2024-04-10,3,precip,6.462132144008089,0.1,1.2
2024-04-07,2024-04-11,4,precip,1.6451488986802634,1.4,3.0
2024-04-07,2024-04-12,5,precip,1.6451488986802634,0.6,1.7
2024-04-07,2024-04-13,6,precip,1.7452777594055047,1.5,1.1
2024-04-07,2024-04-14,7,precip,4.1030345111169755,7.1,10.7
2024-04-07,2024-04-15,8,precip,1.6451488986802634,2.1,0.5
2024-04-07,2024-04-16,9,precip,1.1827741475662188,2.4,2.3
2024-04-07,2024-04-17,10,precip,1.7207592299926042,2.6,0.6
2024-04-07,2024-04-18,11,precip,2.1377453026561386,1.0,0.0
2024-04-07,2024-04-19,12,precip,2.1377453026561386,1.5,0.0
2024-04-07,2024-04-20,13,precip,2.082706743097629,2.0,0.0
2024-04-07,2024-04-21,14,precip,2.179580499307803,1.0,0.0
2024-05-16,2024-05-16,0,precip,-0.4911889010400133,0.0,0.0
2024-05-16,2024-05-17,1,precip,-0.4019879248888177,0.0,0.0
2024-05-16,2024-05-18,2,precip,-0.07173366731114023,0.0,0.0
2024-05-16,2024-05-19,3,precip,-0.2041445105624003,0.0,0.1
2024-05-16,2024-05-20,4,precip,1.136776236813883,0.0,1.3
2024-05-16,2024-05-21,5,precip,0.060300983736921304,0.0,0.0
2024-05-16,2024-05-22,6,precip,0.4503466844782551,0.0,0.0
2024-05-16,2024-05-23,7,precip,3.0304721657167097,0.0,0.0
2024-05-16,2024-05-24,8,precip,3.2257911854340624,0.0,0.0
2024-05-16,2024-05-25,9,precip,1.471801320292416,1.4,2.4
2024-05-16,2024-05-26,10,precip,2.0201117451853863,0.0,0.6
2024-05-16,2024-05-27,11,precip,2.9110777288318492,0.0,0.0
2024-05-16,2024-05-28,12,precip,3.000222743726576,0.0,0.0
2024-05-16,2024-05-29,13,precip,1.9198939133493114,0.0,0.0
2024-05-16,2024-05-30,14,precip,1.5132387875796234,0.1,0.0
2024-05-28,2024-05-28,0,precip,0.18975545990837436,0.0,0.0
2024-05-28,2024-05-29,1,precip,-0.11791359045529047,0.0,0.2
2024-05-28,2024-05-30,2,precip,0.2962385493062353,0.1,0.1
2024-05-28,2024-05-31,3,precip,0.17441411407497637,0.0,0.0
2024-05-28,2024-06-01,4,precip,0.2808972034728373,0.0,0.2
2024-05-28,2024-06-02,5,precip,2.7887930245724353,0.0,10.1
2024-05-28,2024-06-03,6,precip,2.6874329119012415,2.5,0.0
2024-05-28,2024-06-04,7,precip,3.0367727068487893,0.0,0.1
2024-05-28,2024-06-05,8,precip,2.667309823926239,0.0,0.1
2024-05-28,2024-06-06,9,precip,4.721851448523287,3.2,16.3
2024-05-28,2024-06-07,10,precip,3.1680250741327765,0.0,0.6
2024-05-28,2024-06-08,11,precip,2.595959941722051,0.6,0.0
2024-05-28,2024-06-09,12,precip,2.75094596687352,7.0,0.0
2024-05-28,2024-06-10,13,precip,2.967861750320104,4.8,0.0
2024-05-28,2024-06-11,14,precip,3.0680733580418416,2.6,0.0
2024-07-17,2024-07-17,0,precip,7.759129620372752,6.9,2.4
2024-07-17,2024-07-18,1,precip,1.9791160199171434,2.3,0.6
2024-07-17,2024-07-19,2,precip,3.7868487067539367,9.7,3.5
2024-07-17,2024-07-20,3,precip,1.002999160361656,4.1,0.8
2024-07-17,2024-07-21,4,precip,0.4093903168777311,6.2,1.1
2024-07-17,2024-07-22,5,precip,1.0025171483369506,1.4,8.3
2024-07-17,2024-07-23,6,precip,0.4093903168777311,0.0,0.1
2024-07-17,2024-07-24,7,precip,0.881880202292322,0.0,0.0
2024-07-17,2024-07-25,8,precip,0.6700842108544692,0.1,3.5
2024-07-17,2024-07-26,9,precip,1.4747537135357798,0.0,0.5
2024-07-17,2024-07-27,10,precip,2.2056192369053096,0.0,0.1
2024-07-17,2024-07-28,11,precip,2.5057731244846404,0.9,0.0
2024-07-17,2024-07-29,12,precip,0.9943664242428191,0.0,0.0
2024-07-17,2024-07-30,13,precip,1.4495516303585068,1.6,0.0
2024-07-17,2024-07-31,14,precip,1.3709340825497789,8.4,0.0
2024-08-24,2024-08-24,0,precip,0.060184644179346575,1.8,0.7
2024-08-24,2024-08-25,1,precip,-0.0756768279301338,0.0,0.7
2024-08-24,2024-08-26,2,precip,-0.011046007897403037,0.0,0.0
2024-08-24,2024-08-27,3,precip,-0.06611042583627467,1.2,1.0
2024-08-24,2024-08-28,4,precip,-0.014215850225495166,0.0,0.0
2024-08-24,2024-08-29,5,precip,0.09266386613935981,0.0,0.0
2024-08-24,2024-08-30,6,precip,0.26837260423901077,0.0,0.0
2024-08-24,2024-08-31,7,precip,1.2000354845476802,14.8,0.2
2024-08-24,2024-09-01,8,precip,1.981780952376607,1.2,4.1
2024-08-24,2024-09-02,9,precip,3.063076201928172,2.8,4.4
2024-08-24,2024-09-03,10,precip,0.766196676694495,0.2,5.4
2024-08-24,2024-09-04,11,precip,1.6538812612361462,0.1,0.0
2024-08-24,2024-09-05,12,precip,1.90784273930761,0.0,0.0
2024-08-24,2024-09-06,13,precip,1.8859768570909532,0.0,0.0
2024-08-24,2024-09-07,14,precip,3.4036942956985166,0.0,0.0
2024-09-18,2024-09-18,0,precip,0.24353181601528756,0.0,0.2
2024-09-18,2024-09-19,1,precip,0.10606661207704908,0.0,0.0
2024-09-18,2024-09-20,2,precip,0.06669014620082035,0.0,0.0
2024-09-18,2024-09-21,3,precip,0.3947945882499978,0.0,0.0
2024-09-18,2024-09-22,4,precip,0.46704121171367335,0.0,0.0
2024-09-18,2024-09-23,5,precip,1.4863500913941332,0.0,0.1
2024-09-18,2024-09-24,6,precip,2.1133936185858544,0.1,1.1
2024-09-18,2024-09-25,7,precip,4.331618088727933,4.5,4.4
2024-09-18,2024-09-26,8,precip,3.496622836143673,15.3,14.4
2024-09-18,2024-09-27,9,precip,3.3738363938352345,17.3,16.2
2024-09-18,2024-09-28,10,precip,3.1227419525976856,7.2,9.4
2024-09-18,2024-09-29,11,precip,2.1079307525666304,1.2,0.0
2024-09-18,2024-09-30,12,precip,2.696223603407923,0.0,0.0
2024-09-18,2024-10-01,13,precip,2.935196352787671,0.0,0.0
2024-09-18,2024-10-02,14,precip,0.9561786649389529,5.8,0.0
2024-10-07,2024-10-07,0,precip,0.6053534694898487,0.3,0.0
2024-10-07,2024-10-08,1,precip,2.2803888015369482,0.0,0.6
2024-10-07,2024-10-09,2,precip,10.074704925284934,32.5,30.0
2024-10-07,2024-10-10,3,precip,2.3395945508425413,3.5,5.7
2024-10-07,2024-10-11,4,precip,2.5231362620029003,2.9,1.6
2024-10-07,2024-10-12,5,precip,0.6177798927423087,2.1,0.0
2024-10-07,2024-10-13,6,precip,3.126169951990914,0.0,0.9
2024-10-07,2024-10-14,7,precip,2.225499122443726,3.6,0.9
2024-10-07,2024-10-15,8,precip,1.8717366556847186,0.3,0.8
2024-10-07,2024-10-16,9,precip,1.0121062316967957,0.0,3.5
2024-10-07,2024-10-17,10,precip,1.5824586597727879,0.0,0.6
2024-10-07,2024-10-18,11,precip,1.3568902180653017,0.0,0.0
2024-10-07,2024-10-19,12,precip,1.4484424681083337,0.0,0.0
2024-10-07,2024-10-20,13,precip,1.4484424681083337,0.0,0.0
2024-10-07,2024-10-21,14,precip,1.5453162243185077,3.0,0.0
2024-11-19,2024-11-19,0,precip,0.5704748962054164,0.0,0.2
2024-11-19,2024-11-20,1,precip,11.087978563566216,19.3,20.3
2024-11-19,2024-11-21,2,precip,7.351313304086966,10.1,11.4
2024-11-19,2024-11-22,3,precip,1.153742685255089,3.0,1.8
2024-11-19,2024-11-23,4,precip,0.6100701438249408,1.3,0.0
2024-11-19,2024-11-24,5,precip,1.9444243219887296,0.0,0.2
2024-11-19,2024-11-25,6,precip,4.824066831731253,10.2,21.3
2024-11-19,2024-11-26,7,precip,1.5114815005164182,4.5,4.2
2024-11-19,2024-11-27,8,precip,1.494936836927235,3.3,1.7
2024-11-19,2024-11-28,9,precip,0.968979795472113,4.5,0.0
2024-11-19,2024-11-29,10,precip,0.9687793725584039,0.0,0.0
2024-11-19,2024-11-30,11,precip,0.8163468093086458,0.7,0.0
2024-11-19,2024-12-01,12,precip,1.0813962031630335,0.0,0.0
2024-11-19,2024-12-02,13,precip,1.0711783782626214,1.9,0.0
2024-11-19,2024-12-03,14,precip,1.0036124652067693,5.3,0.0
2024-12-11,2024-12-11,0,precip,0.8951512196182067,0.0,0.0
2024-12-11,2024-12-12,1,precip,0.871915869232189,0.0,0.0
2024-12-11,2024-12-13,2,precip,2.4430512351226814,1.2,1.9
2024-12-11,2024-12-14,3,precip,8.62538364962865,12.8,16.3
2024-12-11,2024-12-15,4,precip,3.2165936045653707,1.1,10.3
2024-12-11,2024-12-16,5,precip,3.1261151594167966,6.7,7.4
2024-12-11,2024-12-17,6,precip,0.7376544496713439,0.3,0.0
2024-12-11,2024-12-18,7,precip,0.7744336967308453,0.9,0.0
2024-12-11,2024-12-19,8,precip,4.109302620444228,15.2,5.5
2024-12-11,2024-12-20,9,precip,4.109302620444228,2.9,10.5
2024-12-11,2024-12-21,10,precip,1.2269854113322975,3.5,1.5
2024-12-11,2024-12-22,11,precip,1.1794980585540407,7.8,0.0
2024-12-11,2024-12-23,12,precip,1.3509814199310104,5.1,0.0
2024-12-11,2024-12-24,13,precip,1.3509814199310104,1.0,0.0
2024-12-11,2024-12-25,14,precip,1.4478551761411844,0.6,0.0
2024-12-30,2024-12-30,0,precip,6.938255482670464,8.4,8.5
2024-12-30,2024-12-31,1,precip,0.5877555843013783,0.0,0.0
2024-12-30,2025-01-01,2,precip,10.497733424630779,8.1,9.3
2024-12-30,2025-01-02,3,precip,0.7801799688684085,0.1,0.9
2024-12-30,2025-01-03,4,precip,0.7125374808793764,1.8,1.7
2024-12-30,2025-01-04,5,precip,1.013019200926094,0.5,0.0
2024-12-30,2025-01-05,6,precip,1.0933300857123507,0.1,0.1
2024-12-30,2025-01-06,7,precip,2.1143608081669885,0.0,0.2
2024-12-30,2025-01-07,8,precip,4.839097454583936,6.5,7.0
2024-12-30,2025-01-08,9,precip,2.8355056361367192,2.1,2.8
2024-12-30,2025-01-09,10,precip,1.6821792717498822,6.5,0.2
2024-12-30,2025-01-10,11,precip,2.0081102454400797,12.4,0.0
2024-12-30,2025-01-11,12,precip,1.7691374960603319,8.2,0.0
2024-12-30,2025-01-12,13,precip,1.7691374960603319,0.3,0.0
2024-12-30,2025-01-13,14,precip,1.866011252270506,0.0,0.0
2025-01-16,2025-01-16,0,precip,0.2986811391598679,0.0,0.1
2025-01-16,2025-01-17,1,precip,0.2986811391598679,0.1,0.0
2025-01-16,2025-01-18,2,precip,0.287458133711376,0.0,0.0
2025-01-16,2025-01-19,3,precip,0.30301826128806963,0.0,0.2
2025-01-16,2025-01-20,4,precip,0.6384075188708843,0.0,0.0
2025-01-16,2025-01-21,5,precip,1.0374431698559938,4.9,3.2
2025-01-16,2025-01-22,6,precip,1.0982609906762715,3.4,0.4
2025-01-16,2025-01-23,7,precip,0.8552295011213523,1.2,0.2
2025-01-16,2025-01-24,8,precip,1.0982609906762715,2.0,0.2
2025-01-16,2025-01-25,9,precip,0.8552295011213523,3.6,0.1
2025-01-16,2025-01-26,10,precip,1.0982609906762715,1.3,0.5
2025-01-16,2025-01-27,11,precip,0.8242769689739299,0.4,0.0
2025-01-16,2025-01-28,12,precip,0.754034621921751,3.7,0.0
2025-01-16,2025-01-29,13,precip,0.752860446954844,11.7,0.0
2025-01-16,2025-01-30,14,precip,0.8497342031650182,2.2,0.0
2025-01-17,2025-01-17,0,precip,0.19249067640715012,0.1,0.0
2025-01-17,2025-01-18,1,precip,0.17714933057375212,0.0,0.0
2025-01-17,2025-01-19,2,precip,0.19671057585384055,0.0,0.0
2025-01-17,2025-01-20,3,precip,0.5433171481734781,0.0,0.0
2025-01-17,2025-01-21,4,precip,2.3142450531708882,4.9,1.6
2025-01-17,2025-01-22,5,precip,1.5449075587939458,3.4,1.8
2025-01-17,2025-01-23,6,precip,1.5449075587939458,1.2,0.0
2025-01-17,2025-01-24,7,precip,0.7397604741539155,2.0,0.0
2025-01-17,2025-01-25,8,precip,1.3960594775678974,3.6,0.2
2025-01-17,2025-01-26,9,precip,1.5449075587939458,1.3,2.9
2025-01-17,2025-01-27,10,precip,1.1443169883040927,0.4,0.7
2025-01-17,2025-01-28,11,precip,1.5449075587939458,3.7,0.0
2025-01-17,2025-01-29,12,precip,1.6125500467829779,11.7,0.0
2025-01-17,2025-01-30,13,precip,1.6125500467829779,2.2,0.0
2025-01-17,2025-01-31,14,precip,1.7094238029931519,0.0,0.0
2025-01-24,2025-01-24,0,precip,2.7748521926414846,2.0,1.6
2025-01-24,2025-01-25,1,precip,4.39450171030055,3.6,2.0
2025-01-24,2025-01-26,2,precip,1.2438240007722585,1.3,0.0
2025-01-24,2025-01-27,3,precip,2.074692312936351,0.4,0.3
2025-01-24,2025-01-28,4,precip,2.6035577231292235,3.7,3.4
2025-01-24,2025-01-29,5,precip,5.107821389096827,11.7,11.8
2025-01-24,2025-01-30,6,precip,2.7913865007113694,2.2,0.3
2025-01-24,2025-01-31,7,precip,1.8640343675912543,0.0,0.0
2025-01-24,2025-02-01,8,precip,0.8116146375829346,0.0,0.0
2025-01-24,2025-02-02,9,precip,0.9573903632526076,0.5,0.0
2025-01-24,2025-02-03,10,precip,1.1424759714381423,0.0,0.0
2025-01-24,2025-02-04,11,precip,1.1800356744852032,0.3,0.0
2025-01-24,2025-02-05,12,precip,1.8765326705119871,3.1,0.0
2025-01-24,2025-02-06,13,precip,1.270767563471632,0.8,0.0
2025-01-24,2025-02-07,14,precip,1.559965918469745,0.0,0.0
2025-03-28,2025-03-28,0,precip,0.148722654140391,0.3,0.1
2025-03-28,2025-03-29,1,precip,0.17165469762673283,0.0,0.0
2025-03-28,2025-03-30,2,precip,0.9480055527621251,0.4,0.5
2025-03-28,2025-03-31,3,precip,0.41606749655884057,0.3,0.2
2025-03-28,2025-04-01,4,precip,0.15577328030460755,0.0,0.0
2025-03-28,2025-04-02,5,precip,0.1531019424574138,0.0,0.0
2025-03-28,2025-04-03,6,precip,0.5033588040535572,0.0,0.0
2025-03-28,2025-04-04,7,precip,0.7515697307789645,0.3,0.0
2025-03-28,2025-04-05,8,precip,1.057223566006043,0.5,1.4
2025-03-28,2025-04-06,9,precip,1.1138907132246978,0.0,0.4
2025-03-28,2025-04-07,10,precip,0.7756877823608349,0.1,0.2
2025-03-28,2025-04-08,11,precip,0.8502641647899912,0.0,0.0
2025-03-28,2025-04-09,12,precip,0.8204693252739429,1.5,0.0
2025-03-28,2025-04-10,13,precip,0.7492871644331541,1.8,0.0
2025-03-28,2025-04-11,14,precip,1.3220521078464484,3.1,0.0
2025-08-27,2025-08-27,0,precip,0.30165845387435625,0.0,0.0
2025-08-27,2025-08-28,1,precip,0.20193969961936745,1.0,0.4
2025-08-27,2025-08-29,2,precip,6.725422727052717,8.8,3.8
2025-08-27,2025-08-30,3,precip,2.6981581948357234,6.2,1.2
2025-08-27,2025-08-31,4,precip,2.8488392467079517,0.0,0.3
2025-08-27,2025-09-01,5,precip,1.366801735965222,0.4,0.1
2025-08-27,2025-09-02,6,precip,3.4385512002332335,0.0,0.1
2025-08-27,2025-09-03,7,precip,2.969182816682246,5.0,0.0
2025-08-27,2025-09-04,8,precip,2.963309571364833,0.0,6.8
2025-08-27,2025-09-05,9,precip,2.129463135558128,0.0,0.1
2025-08-27,2025-09-06,10,precip,0.9762871449849574,0.4,0.0
2025-08-27,2025-09-07,11,precip,2.091505224205431,0.0,0.0
2025-08-27,2025-09-08,12,precip,2.0857011327671118,0.0,0.0
2025-08-27,2025-09-09,13,precip,1.193092011482183,0.0,0.0
2025-08-27,2025-09-10,14,precip,2.1682500693938276,0.0,0.0
2025-11-12,2025-11-12,0,precip,4.943968975784007,2.2,2.1
2025-11-12,2025-11-13,1,precip,10.511911345557204,16.3,15.1
2025-11-12,2025-11-14,2,precip,0.45594794464356186,0.4,0.0
2025-11-12,2025-11-15,3,precip,0.5078598729388818,0.0,0.0
2025-11-12,2025-11-16,4,precip,2.0432263003914524,1.5,3.9
2025-11-12,2025-11-17,5,precip,2.623587621994645,1.2,1.1
2025-11-12,2025-11-18,6,precip,1.3513148730845448,0.0,0.0
2025-11-12,2025-11-19,7,precip,1.1380231163472025,0.0,0.0
2025-11-12,2025-11-20,8,precip,1.5165750517489838,3.3,0.0
2025-11-12,2025-11-21,9,precip,3.1762881186128054,7.0,0.1
2025-11-12,2025-11-22,10,precip,2.5758285874557214,1.1,0.0
2025-11-12,2025-11-23,11,precip,1.8031904712110949,2.3,0.0
2025-11-12,2025-11-24,12,precip,1.0737002497525248,0.8,0.0
2025-11-12,2025-11-25,13,precip,1.0060577617634927,0.1,0.0
2025-11-12,2025-11-26,14,precip,1.1029315179736667,0.0,0.0
2025-12-19,2025-12-19,0,precip,1.2627471454764334,1.4,1.2
2025-12-19,2025-12-20,1,precip,0.8860075851399166,1.1,0.9
2025-12-19,2025-12-21,2,precip,0.3459183223392388,0.6,0.0
2025-12-19,2025-12-22,3,precip,0.4262982028301911,0.4,0.1
2025-12-19,2025-12-23,4,precip,0.704545652635873,0.0,0.3
2025-12-19,2025-12-24,5,precip,0.6105153118456111,0.0,0.0
2025-12-19,2025-12-25,6,precip,0.4812990600612331,0.2,0.0
2025-12-19,2025-12-26,7,precip,0.7798075958796916,0.0,0.0
2025-12-19,2025-12-27,8,precip,0.5203775970982062,2.9,0.0
2025-12-19,2025-12-28,9,precip,0.748887087903053,0.4,0.0
2025-12-19,2025-12-29,10,precip,0.7385899498076726,1.4,0.0
2025-12-19,2025-12-30,11,precip,1.1831055117999894,2.0,0.0
2025-12-19,2025-12-31,12,precip,1.5078579012823894,0.0,0.0
